zip_code,violations,current_demerits,inspection_demerits,inspection_grade,rating,review_count,alcohol,ambience,byob_corkage,best_nights,bike_parking,business_accepts_bitcoin,business_accepts_creditcards,business_parking,caters,coat_check,corkage,dogs_allowed,drive_thru,good_for_dancing,good_for_kids,good_for_meal,happy_hour,has_tv,music,noise_level,open_24_hours,outdoor_seating,restaurants_attire,restaurants_delivery,restaurants_good_for_groups,restaurants_price_range2,restaurants_reservations,restaurants_table_service,restaurants_takeout,smoking,wheelchair_accessible,wifi,accepts_apple_pay,accepts_google_pay,good_for,has_pool_table,waiter_service
89183,7,14,13,A,4,54,0,1,0,3,1,0,1,1,1,0,0,0,0,1,1,2,1,1,1,0,0,0,0,1,1,2,0,1,1,-1,1,0,-1,-1,-1,-1,-1
89104,86,139,191,A,2.5,118,0,1,0,3,1,0,1,1,0,0,0,0,0,0,1,3,1,0,0,1,0,0,0,0,1,2,0,1,1,-1,1,0,1,-1,3,-1,-1
89148,53,86,115,A,3.5,210,0,1,1,3,1,0,1,1,1,0,0,0,0,0,1,2,1,0,1,1,0,1,0,0,1,1,0,0,1,-1,1,1,1,1,2,-1,0
89103,9,20,20,B,3.5,103,0,1,0,3,1,0,1,1,1,0,0,0,0,1,1,2,1,1,1,1,0,0,0,1,1,2,1,1,1,-1,1,1,0,-1,-1,-1,-1
89119,32,60,69,A,4,98,2,1,1,3,1,0,1,1,1,0,0,0,0,0,1,3,1,1,1,1,0,0,0,0,1,1,0,0,-1,1,1,0,-1,-1,-1,1,-1
89142,7,15,22,A,4,6,0,0,0,3,1,0,1,0,1,0,0,0,0,1,1,0,1,1,1,0,0,0,0,0,1,1,0,0,1,1,1,-1,-1,-1,-1,-1,-1
89103,1,0,0,A,5,15,1,0,0,3,1,0,1,0,1,0,0,0,0,1,1,0,1,1,0,1,0,0,0,0,1,1,1,0,1,-1,1,1,-1,-1,-1,1,-1
89101,17,18,45,A,3.5,59,1,2,0,3,1,0,1,1,0,0,0,0,0,1,1,1,0,0,1,1,0,0,0,0,1,2,0,1,1,-1,1,0,0,0,2,-1,1
89121,36,24,130,B,2,7,0,0,0,3,1,0,1,1,1,0,0,0,1,0,1,1,1,0,0,0,0,0,0,1,1,1,0,1,1,1,1,-1,-1,-1,-1,-1,-1
89106,23,50,58,A,4,13,0,0,0,3,1,0,1,1,1,0,0,0,0,0,1,0,1,1,1,1,0,1,0,0,1,1,0,0,1,1,1,-1,-1,-1,-1,-1,-1
89130,63,96,109,A,2.5,68,0,1,0,3,0,0,1,1,1,0,0,0,0,0,1,0,1,0,0,1,0,0,0,0,1,1,0,0,1,-1,0,1,0,-1,-1,-1,-1
89102,55,92,139,B,4.5,1096,0,1,1,3,1,0,1,1,0,0,0,0,0,0,1,3,1,0,1,1,0,0,0,0,1,2,0,1,1,-1,1,0,0,0,3,-1,1
89119,16,0,29,A,3,94,0,1,0,3,1,0,1,1,1,0,0,0,0,1,1,1,1,0,1,1,0,1,0,0,1,1,0,0,1,-1,1,0,0,-1,-1,-1,-1
89119,32,36,79,B,3,4,0,0,0,3,1,0,1,0,0,0,0,0,1,0,1,0,1,1,0,0,0,0,0,0,1,1,0,0,1,1,-1,0,-1,-1,-1,-1,-1
89129,128,108,212,A,2.5,51,0,0,0,3,1,0,1,1,1,0,0,0,0,0,1,1,1,0,0,1,0,0,0,1,1,2,0,1,1,-1,1,0,0,-1,-1,-1,-1
89147,38,39,86,A,3.5,360,0,1,1,3,1,0,1,1,0,0,0,0,0,0,1,2,0,0,1,1,0,0,0,0,1,2,1,1,1,-1,1,0,0,0,2,-1,1
89121,1,1,1,A,5,28,0,1,0,3,1,0,1,1,1,0,0,0,0,1,1,0,1,1,1,1,0,0,0,1,1,2,0,0,1,1,1,-1,-1,-1,-1,-1,-1
89146,113,132,274,B,3.5,39,2,0,0,3,1,0,1,1,0,0,0,0,0,0,1,1,1,1,0,1,0,0,0,0,1,2,1,1,1,1,-1,0,0,-1,1,-1,-1
89110,21,80,53,B,4.5,5,2,0,0,1,1,0,0,1,1,0,0,0,0,0,1,0,1,1,1,0,0,0,0,0,1,1,0,0,1,1,1,-1,-1,-1,-1,-1,-1
89183,55,114,125,A,3.5,200,1,1,1,3,1,0,1,1,0,0,0,0,0,0,1,3,1,1,1,1,0,1,0,0,1,1,0,1,1,1,-1,1,0,0,3,-1,-1
89183,55,114,125,A,3.5,24,2,1,0,3,1,0,1,1,0,0,0,0,0,1,1,1,1,0,0,1,0,1,0,0,1,1,0,1,1,-1,1,1,0,0,3,-1,-1
89120,101,120,233,B,4.5,143,0,1,0,3,0,0,1,1,1,0,0,0,0,0,1,1,1,1,0,0,0,0,0,1,1,1,1,1,1,-1,1,0,0,0,1,-1,1
89118,28,56,52,A,3.5,11,0,1,0,3,1,0,1,1,1,0,0,0,0,0,1,1,1,1,1,1,0,1,0,1,1,1,0,0,1,-1,1,1,-1,-1,1,-1,-1
89118,28,56,52,A,3.5,35,0,1,0,3,1,0,1,1,1,0,0,0,0,0,1,1,1,1,1,0,0,1,0,1,1,1,0,0,1,-1,1,0,0,0,1,-1,0
89131,36,78,75,A,3,26,2,1,0,3,1,0,1,1,1,0,0,0,0,0,1,0,1,1,1,1,0,0,0,0,1,2,0,0,1,1,1,-1,-1,-1,-1,1,-1
89103,161,74,333,B,4,696,0,1,1,3,1,0,1,0,0,0,0,0,0,0,1,2,1,1,1,1,0,0,0,1,1,1,0,1,1,-1,1,0,0,0,2,-1,1
89139,34,33,75,A,2,15,0,0,0,3,1,0,1,0,0,0,0,0,0,0,1,0,1,1,1,1,0,0,0,0,1,1,0,0,1,1,-1,0,-1,-1,-1,-1,-1
89139,34,33,75,A,4,16,0,0,0,3,1,0,1,0,1,0,0,0,0,0,1,0,1,1,1,1,0,0,0,0,1,2,0,0,1,1,-1,0,-1,-1,-1,-1,-1
89139,34,33,75,A,3,34,0,0,0,3,1,0,1,0,0,0,0,0,0,0,1,0,1,1,1,1,0,0,0,0,1,1,0,0,1,1,-1,1,1,-1,-1,-1,-1
89139,34,33,75,A,4,25,0,0,0,3,0,0,1,2,0,0,0,0,0,0,1,0,1,1,1,1,0,0,0,0,1,1,0,0,1,1,-1,1,-1,1,-1,-1,-1
89141,3,8,8,A,2.5,30,0,0,0,3,1,0,1,0,1,0,0,0,1,1,1,0,1,0,1,1,0,0,0,0,0,1,0,0,1,1,-1,0,0,-1,-1,-1,-1
89101,19,0,41,A,3,39,2,2,0,3,0,0,1,2,1,0,0,0,0,1,1,1,1,1,1,3,0,1,0,0,1,2,0,0,1,1,1,-1,-1,-1,-1,-1,-1
89119,10,18,19,A,3,31,0,0,0,3,1,0,1,0,1,0,0,0,0,1,1,1,1,1,1,1,0,0,0,0,1,2,1,0,1,1,-1,0,-1,-1,-1,-1,-1
89101,108,143,305,B,4.5,157,2,1,0,3,0,0,1,1,0,0,0,0,0,0,1,2,1,1,0,1,0,0,0,0,1,2,0,1,1,-1,1,0,0,0,2,-1,-1
89117,20,57,43,A,3.5,47,0,1,0,3,1,0,1,1,1,0,0,0,0,0,1,3,1,1,1,0,0,0,0,1,1,1,1,1,1,-1,1,1,0,0,3,-1,1
89149,20,81,45,A,4,91,0,1,1,3,1,0,1,1,0,0,0,0,0,0,1,2,1,1,1,1,0,0,0,0,1,1,0,0,1,-1,1,0,0,-1,-1,-1,-1
89147,26,18,58,B,1.5,6,0,0,0,3,1,0,1,0,1,0,0,0,0,0,1,0,1,0,1,1,0,0,0,0,1,1,0,0,1,1,1,-1,-1,-1,-1,-1,-1
89123,31,27,59,A,4,231,0,1,1,3,1,0,1,1,1,0,0,0,0,0,1,3,1,0,1,0,0,0,0,1,1,2,1,1,1,-1,1,0,0,0,3,-1,-1
89119,59,0,185,B,3.5,206,2,1,1,3,1,0,1,1,0,0,0,0,0,1,1,2,1,1,1,1,0,1,0,0,1,1,0,0,1,-1,1,1,-1,-1,2,-1,-1
89128,81,44,180,A,3,35,0,1,0,3,1,0,1,1,1,0,0,0,0,0,1,2,0,0,0,0,0,1,0,0,1,1,0,0,1,-1,1,0,-1,-1,-1,-1,-1
89103,24,0,50,A,3,14,2,0,0,0,0,0,1,0,1,0,0,0,0,0,1,0,0,1,1,1,0,0,0,1,1,2,0,0,1,1,-1,1,0,-1,-1,1,-1
89117,12,21,22,A,4,96,0,1,0,3,1,0,1,1,1,0,0,0,0,1,1,2,1,1,1,1,0,0,0,0,1,1,0,0,1,-1,1,0,1,1,2,-1,-1
89117,12,21,22,A,3.5,13,0,0,0,3,1,0,1,0,1,0,0,0,0,1,1,1,1,1,1,1,0,1,0,0,1,1,0,1,1,1,1,0,-1,-1,-1,-1,-1
89117,14,28,43,A,3,20,1,0,0,3,1,0,1,1,0,0,0,0,0,0,1,2,1,0,1,1,0,0,0,0,1,2,1,1,1,-1,1,0,-1,-1,-1,-1,-1
89104,76,111,178,B,4,1492,0,1,1,3,1,0,1,1,0,0,0,0,0,0,1,3,1,0,1,1,0,1,0,0,1,1,0,0,1,-1,1,0,0,0,3,-1,-1
89102,145,188,276,B,2,532,0,1,1,3,0,0,0,1,0,0,0,0,0,0,1,2,1,0,1,1,0,0,0,0,1,2,0,1,1,-1,1,0,0,0,2,-1,-1
89134,13,24,25,A,3.5,21,0,1,0,3,1,0,1,1,0,0,0,0,0,1,1,0,1,1,1,1,0,1,0,1,1,1,0,0,1,1,1,-1,-1,-1,-1,-1,-1
89107,53,49,135,A,4.5,276,0,1,1,3,1,0,1,1,0,0,0,1,0,0,1,3,1,0,1,1,0,0,0,0,1,1,1,1,1,-1,1,1,0,0,3,-1,-1
89117,2,3,3,A,2.5,19,0,1,0,3,1,0,1,1,0,0,0,1,0,1,1,0,1,0,1,1,0,0,0,1,1,2,0,0,1,1,1,0,0,-1,-1,-1,-1
89115,61,3,114,A,3.5,20,0,2,0,3,0,0,1,1,0,0,0,0,1,0,1,1,1,1,0,2,0,0,0,0,1,1,0,0,1,1,-1,0,1,-1,1,-1,-1
89108,27,41,57,A,3.5,199,2,1,1,3,1,0,1,1,1,0,0,0,0,0,1,3,1,1,1,1,0,1,0,0,1,2,1,1,1,1,-1,0,1,-1,-1,-1,-1
89103,39,120,92,B,4,1031,0,1,1,3,1,0,1,1,0,0,0,0,0,0,1,3,1,0,1,1,0,0,0,0,1,2,0,1,1,-1,1,0,0,0,3,-1,-1
89147,115,160,243,B,3.5,155,0,1,0,3,1,0,1,1,1,0,0,0,0,0,1,2,1,0,0,0,0,0,0,1,1,1,0,0,1,-1,1,0,-1,-1,1,-1,0
89119,40,72,89,A,2.5,35,0,0,0,3,1,0,1,1,1,0,0,0,0,0,1,1,1,1,1,1,0,0,0,1,1,2,0,0,1,1,-1,1,-1,-1,-1,-1,-1
89107,12,0,18,A,4,5,0,0,0,3,1,0,1,0,1,0,0,0,0,1,1,0,1,1,1,1,0,0,0,0,1,2,0,0,1,1,1,1,-1,-1,-1,-1,-1
89128,33,102,79,A,4,428,1,1,1,3,1,0,1,1,1,0,0,0,0,0,1,3,1,1,1,1,0,1,0,0,1,2,0,0,1,-1,1,0,0,1,3,-1,-1
89123,121,116,311,B,3.5,461,1,1,1,3,1,0,1,1,0,0,0,0,0,0,1,2,1,0,1,1,0,0,0,0,1,1,1,1,1,-1,1,0,0,0,2,-1,1
89122,49,75,93,A,2.5,5,2,0,0,3,1,0,1,0,1,0,0,0,0,1,1,0,1,1,0,1,0,0,0,0,1,1,0,0,1,1,-1,1,1,1,-1,1,-1
89146,80,55,173,B,4,36,1,1,0,3,1,0,1,1,1,0,0,0,0,0,1,1,1,0,0,0,0,0,0,0,1,2,1,1,1,-1,1,0,-1,-1,-1,-1,-1
89103,58,72,121,B,3,31,0,1,0,3,0,0,1,1,1,0,0,0,0,1,1,1,1,0,0,1,0,1,0,1,1,2,0,0,1,1,-1,1,-1,-1,-1,-1,-1
89135,21,26,35,A,4,461,2,1,1,3,1,0,1,1,1,0,0,1,0,0,1,2,0,1,1,1,0,1,0,0,1,2,1,1,1,0,1,1,0,-1,2,0,-1
89128,9,0,7,A,4,84,0,1,0,3,1,0,1,1,1,0,0,0,0,1,1,1,1,0,1,0,0,0,0,0,0,2,0,1,1,1,1,0,0,-1,-1,-1,-1
89103,32,84,63,A,3.5,70,0,1,1,3,1,0,1,1,1,0,0,0,0,0,1,3,1,0,1,1,0,1,0,0,1,1,0,1,1,1,-1,1,1,-1,-1,-1,-1
89130,43,117,90,A,3,16,2,0,0,1,1,0,1,1,1,0,0,0,0,0,1,0,1,1,0,1,0,0,0,0,1,2,0,0,1,1,1,0,0,-1,-1,0,-1
89117,74,36,174,A,2.5,48,0,1,0,3,1,0,1,1,1,0,0,0,1,0,1,3,1,0,0,0,0,0,0,0,0,1,0,0,1,1,-1,0,0,-1,3,-1,-1
89117,74,36,174,A,3,61,0,1,0,3,1,0,1,1,0,0,0,0,0,0,1,4,1,0,0,1,0,1,0,0,1,1,0,0,1,1,-1,0,0,0,4,-1,0
89117,74,36,174,A,3,74,0,1,0,3,1,0,1,0,1,0,0,0,0,0,1,5,1,0,0,1,0,0,0,0,1,1,0,0,1,1,-1,0,0,-1,5,-1,0
89117,25,84,51,A,3.5,204,2,1,1,3,1,0,1,1,0,0,0,0,0,0,1,3,1,1,1,1,0,0,0,0,1,2,1,1,1,1,-1,1,1,0,3,-1,1
89102,261,0,579,B,4,1410,2,1,1,3,1,0,1,1,0,0,0,0,0,0,1,2,1,0,1,1,0,0,0,0,1,2,1,1,1,-1,1,0,0,0,2,-1,-1
89110,44,96,90,B,2,13,0,0,0,3,1,0,1,0,1,0,0,0,0,0,1,2,1,0,0,1,0,0,0,0,1,1,0,0,1,-1,0,0,-1,-1,-1,-1,-1
89147,21,8,40,A,4,128,2,1,0,3,1,0,1,1,0,0,0,0,0,1,1,2,1,1,1,1,0,0,0,0,1,1,0,1,1,-1,1,1,0,1,-1,-1,-1
89106,44,45,134,B,3.5,209,1,1,1,3,1,0,1,1,0,0,0,0,0,0,1,2,1,0,1,1,0,0,0,0,1,2,0,1,1,-1,1,0,-1,-1,-1,-1,-1
89101,56,3,152,A,4.5,3,0,0,0,3,0,0,1,1,1,0,0,0,0,0,1,1,1,0,0,1,0,0,0,1,1,1,0,0,1,1,1,-1,-1,-1,-1,-1,-1
89121,28,30,56,A,4,13,2,0,0,2,1,0,0,0,1,0,0,0,0,1,1,0,1,1,0,1,0,0,0,0,1,1,0,0,1,1,-1,1,0,0,-1,0,-1
89102,99,60,196,B,3.5,25,0,1,0,3,1,0,1,1,1,0,0,0,0,0,1,2,1,1,0,1,0,1,0,0,1,1,0,0,1,1,-1,0,0,-1,2,-1,-1
89148,25,72,53,A,2.5,20,0,1,0,3,0,0,1,1,1,0,0,0,0,0,1,0,1,1,1,1,0,0,0,1,1,1,0,0,1,1,1,0,-1,-1,-1,-1,-1
89121,35,48,66,B,4.5,132,0,1,1,3,1,0,0,1,1,0,0,0,0,0,1,0,1,1,1,0,0,0,0,0,1,1,0,0,1,1,1,0,0,0,-1,-1,-1
89148,37,99,80,B,3,98,0,1,1,3,1,0,1,1,0,0,0,0,0,0,1,5,1,0,1,1,0,0,0,0,1,2,0,1,1,1,-1,1,0,0,5,-1,-1
89128,22,48,59,A,4.5,3,0,1,0,3,1,0,1,0,1,0,0,0,0,0,1,0,1,0,1,1,0,1,0,1,1,1,0,0,1,1,-1,0,-1,-1,-1,-1,-1
89106,22,56,44,A,4,21,0,0,0,3,0,0,0,1,1,0,0,0,0,0,1,1,1,1,1,0,0,0,0,0,1,1,0,0,1,1,1,0,0,-1,1,-1,0
89139,2,8,8,A,4.5,16,2,0,0,3,1,0,1,3,1,0,0,0,0,1,1,0,1,1,1,2,0,1,0,1,1,1,1,0,1,1,-1,0,-1,-1,-1,-1,-1
89102,102,66,235,A,4.5,493,0,1,1,3,1,0,1,1,1,0,0,0,0,0,1,3,1,0,1,1,0,1,0,1,1,1,0,1,1,-1,1,1,0,0,3,-1,-1
89147,63,78,133,A,4,40,1,1,0,3,1,0,1,1,1,0,0,0,0,0,1,1,1,0,0,1,0,0,0,0,1,3,1,1,1,1,1,0,-1,-1,-1,-1,-1
89118,25,17,53,A,3,227,2,0,1,3,1,0,1,3,1,1,0,0,0,1,1,2,1,1,1,2,0,1,0,0,1,2,1,1,1,1,1,0,0,0,-1,-1,-1
89118,9,24,27,A,3,29,0,0,0,3,1,0,1,1,0,0,0,0,0,1,1,1,1,1,1,1,0,0,0,0,0,1,0,0,1,1,1,0,-1,-1,-1,-1,-1
89120,67,129,136,A,3.5,99,0,1,1,3,0,0,1,1,1,0,0,0,0,0,1,2,1,0,0,1,0,0,0,1,1,1,0,0,1,-1,1,0,0,-1,2,-1,-1
89103,41,74,85,A,4.5,11,2,2,0,3,0,0,1,0,1,0,0,0,0,0,1,0,1,1,0,1,0,0,0,1,1,1,0,0,1,1,1,1,0,-1,-1,0,-1
89104,147,238,354,B,4,55,1,1,0,3,1,0,1,1,1,0,0,0,0,0,1,1,1,1,0,1,0,0,0,0,1,2,1,1,1,-1,1,0,-1,-1,-1,-1,-1
89104,31,62,57,A,4,25,2,1,0,3,1,0,1,1,1,0,0,0,0,0,0,0,1,1,1,1,0,0,0,0,1,1,0,0,1,1,1,1,0,0,-1,1,-1
89101,50,12,141,A,4.5,27,0,1,0,3,1,0,1,1,0,0,0,0,0,0,1,2,1,1,0,1,0,0,0,1,1,1,0,0,1,1,-1,0,-1,-1,2,-1,-1
89110,34,18,128,B,2,12,0,0,0,3,1,0,1,0,1,0,0,0,1,0,1,0,1,1,0,0,0,0,0,1,1,2,0,0,1,1,1,1,-1,-1,-1,-1,-1
89110,34,18,128,B,1.5,21,0,0,0,3,1,0,1,1,1,0,0,0,1,0,1,1,1,0,0,2,0,0,0,0,1,1,0,0,1,1,-1,1,1,-1,1,-1,-1
89145,29,60,92,B,3.5,21,0,1,0,3,1,0,1,0,0,0,0,0,0,0,0,0,1,1,1,3,0,0,0,0,1,2,0,1,1,1,1,1,-1,-1,-1,-1,-1
89103,17,18,50,A,4,55,2,2,0,3,1,0,1,1,1,0,0,0,0,1,1,1,1,1,1,0,0,0,0,0,1,2,0,1,0,-1,0,1,0,-1,3,-1,-1
89121,3,7,7,A,4,4,0,0,0,3,1,0,1,1,0,0,0,0,0,1,1,0,1,1,1,0,0,0,0,1,1,1,1,1,1,-1,1,1,-1,-1,-1,-1,-1
89147,6,30,15,A,3.5,8,0,0,0,3,0,0,1,0,1,0,0,0,0,1,1,0,1,0,1,0,0,1,0,1,1,1,0,0,1,1,1,0,-1,-1,-1,-1,-1
89128,79,8,155,A,3.5,31,0,1,0,3,1,0,1,1,0,0,0,0,0,0,1,1,1,0,0,1,0,1,0,0,1,1,0,0,1,-1,1,1,0,-1,-1,-1,-1
89119,44,62,74,A,4,84,2,2,1,3,1,0,1,1,0,0,0,0,0,0,0,3,1,1,1,1,0,0,0,0,1,1,0,1,1,1,-1,1,0,-1,3,1,-1
89117,69,27,152,A,3.5,537,1,1,1,3,1,0,1,1,0,0,0,0,0,0,1,2,1,0,1,1,0,0,0,0,1,2,1,1,1,-1,1,0,0,0,2,-1,1
89103,66,90,133,A,3,110,0,1,1,3,0,0,1,1,0,0,0,0,0,0,1,3,1,0,0,1,0,0,0,0,1,1,0,0,1,-1,1,0,0,-1,3,-1,-1
89118,72,126,131,A,3,214,2,1,1,3,0,0,1,1,1,0,0,0,0,0,0,3,1,1,1,1,0,0,0,1,1,2,1,1,1,-1,1,0,1,-1,3,-1,-1
89123,4,0,3,E,5,24,0,1,0,3,1,0,1,1,1,0,0,0,0,1,1,0,1,0,1,0,0,0,0,1,1,2,0,0,1,1,-1,1,1,-1,-1,-1,-1
89102,27,30,41,A,3.5,125,2,1,0,3,1,0,1,1,1,0,0,0,0,0,0,0,1,1,1,2,0,0,0,1,1,1,0,-1,1,1,1,0,0,0,-1,0,-1
89104,43,83,106,A,3.5,140,0,1,1,3,1,0,1,1,1,0,0,0,0,0,1,3,1,0,1,1,0,0,0,0,1,1,0,0,1,-1,1,0,1,1,3,-1,-1
89117,6,18,19,A,4.5,323,2,1,0,3,1,0,1,1,0,0,1,0,0,0,0,1,1,0,1,1,0,0,1,0,1,3,1,1,1,-1,1,0,-1,-1,-1,-1,-1
89102,9,9,22,A,4,219,0,1,1,3,1,0,1,2,1,0,0,1,0,0,1,3,1,0,1,1,0,1,0,0,0,2,1,1,1,-1,1,1,-1,-1,3,-1,-1
89130,108,85,230,A,3.5,87,0,1,0,3,1,0,1,0,1,0,0,0,0,0,1,2,1,0,0,0,0,0,0,1,1,1,0,0,1,-1,1,0,-1,-1,2,-1,-1
89102,113,138,276,B,3,131,2,1,0,3,1,0,1,1,1,0,0,0,0,0,1,2,1,0,0,1,0,0,0,0,1,2,1,1,1,-1,0,0,1,-1,2,-1,-1
89113,69,104,139,B,3.5,174,1,1,1,3,0,0,1,1,1,0,0,0,0,0,1,2,1,0,1,0,0,0,0,1,1,2,0,1,1,-1,1,0,0,-1,2,-1,-1
89143,34,94,88,A,3,43,0,1,0,3,1,0,1,1,0,0,0,0,1,0,1,2,1,0,0,1,0,0,0,0,1,1,0,0,1,1,-1,0,0,-1,3,-1,-1
89118,30,27,71,A,4.5,22,2,1,0,2,1,0,1,1,1,0,0,0,0,0,1,0,1,1,0,0,0,0,0,0,1,2,0,0,1,1,1,-1,-1,-1,-1,0,-1
89109,132,117,313,B,2.5,6,1,0,0,3,1,0,1,0,0,0,0,0,0,0,1,0,1,0,0,0,0,0,0,0,1,1,0,1,0,1,1,0,-1,-1,-1,-1,-1
89115,59,63,110,A,3,38,0,0,0,3,0,0,1,0,1,0,0,0,0,0,1,0,1,0,0,0,0,0,0,1,1,1,1,1,1,-1,1,0,-1,-1,-1,-1,-1
89117,8,16,16,A,4.5,84,1,1,0,3,1,0,1,1,1,0,0,0,0,1,1,2,1,1,1,1,0,1,0,1,1,2,1,0,1,-1,1,1,-1,-1,-1,-1,-1
89117,89,128,161,A,3.5,166,0,1,1,3,0,0,1,1,1,0,0,0,0,0,1,2,1,0,1,1,0,0,0,1,1,2,0,0,1,-1,1,1,0,-1,2,-1,0
89115,23,75,50,B,5,5,2,0,0,3,1,0,0,0,1,0,0,0,0,0,1,0,1,1,1,1,0,0,0,1,1,1,0,0,1,1,1,0,0,0,-1,1,-1
89123,20,45,38,A,2,16,0,0,0,3,1,0,1,0,0,0,0,0,0,0,1,0,1,0,1,0,0,0,0,0,0,1,0,0,1,1,-1,0,-1,-1,-1,-1,-1
89118,15,39,28,B,4,109,0,1,0,3,1,0,1,1,1,0,0,0,0,1,1,2,1,1,1,1,0,0,0,0,1,1,1,0,1,-1,1,0,0,-1,2,-1,-1
89123,49,83,108,A,3.5,124,0,1,1,3,1,0,1,1,1,0,0,0,0,0,1,4,1,0,1,1,0,0,0,0,1,1,0,0,1,-1,1,0,0,0,4,-1,0
89145,21,64,53,A,4,505,2,1,1,3,1,0,1,2,1,0,0,0,0,0,1,4,1,1,0,1,0,1,0,1,1,2,1,1,1,0,1,0,1,0,4,-1,-1
89139,80,397,170,A,2.5,205,0,0,1,3,0,0,1,1,1,0,0,0,0,0,1,2,1,1,0,1,0,0,0,1,1,2,0,0,1,-1,1,0,0,0,2,-1,0
89129,50,0,121,A,2.5,131,0,1,1,3,1,0,1,1,1,0,0,0,0,1,1,2,1,1,1,1,0,1,0,0,1,1,0,0,1,-1,1,1,0,-1,2,-1,0
89129,50,0,121,A,3,94,0,0,1,3,1,0,1,1,0,0,0,0,0,1,1,0,1,0,1,2,0,1,0,0,1,1,0,0,1,-1,1,0,0,-1,-1,-1,-1
89118,93,18,264,B,3,15,0,0,0,3,1,0,1,0,0,0,0,0,0,0,1,0,1,1,0,0,0,0,0,1,1,1,0,1,1,-1,1,1,0,-1,-1,-1,-1
89101,23,9,46,A,4,188,2,1,1,3,0,0,1,1,0,0,0,1,0,1,1,2,1,1,1,1,0,1,0,1,1,2,0,1,1,1,1,0,0,-1,-1,0,-1
89169,76,75,143,A,2,14,0,0,0,3,1,0,1,0,1,0,0,0,0,0,1,0,1,0,0,2,0,0,0,0,1,1,0,0,1,1,-1,0,0,-1,-1,-1,0
89030,33,96,76,B,4,8,0,0,0,3,0,0,1,1,1,0,0,0,0,0,1,0,1,0,0,1,0,1,0,0,1,2,0,0,1,1,1,0,0,-1,-1,-1,-1
89122,98,133,210,B,4,496,1,1,1,3,1,0,1,1,1,0,0,0,0,0,1,2,1,1,1,1,0,0,0,0,1,2,0,1,1,-1,1,0,0,-1,2,-1,1
89141,24,30,49,A,4,151,0,1,1,3,1,0,1,1,0,0,0,1,0,1,1,3,1,0,1,0,0,1,0,0,1,1,0,0,1,-1,1,1,1,-1,3,-1,-1
89146,45,71,76,A,4.5,414,1,1,1,3,0,0,1,1,0,0,0,0,0,0,1,1,1,1,1,1,0,0,0,0,1,2,1,1,1,-1,1,0,0,0,1,-1,-1
89101,37,96,75,A,4,50,1,1,0,3,0,0,1,0,0,0,0,0,0,0,1,2,1,1,1,0,0,0,0,0,1,1,0,1,1,-1,1,0,0,-1,2,-1,-1
89102,119,0,272,B,3,45,0,1,0,3,0,0,1,1,1,0,0,0,0,0,1,1,1,0,0,1,0,0,0,0,1,2,1,1,1,1,-1,0,0,0,-1,-1,-1
89139,12,24,29,A,3,42,0,1,0,3,1,0,1,1,0,0,0,0,0,1,1,3,1,0,1,1,0,0,0,0,1,1,0,1,1,-1,1,0,-1,-1,-1,-1,-1
89147,60,76,149,A,4,103,0,1,1,3,1,0,1,1,1,0,0,0,0,0,1,1,1,1,0,0,0,1,0,0,1,1,0,0,1,-1,1,1,0,-1,1,-1,-1
89128,47,87,110,A,4,133,0,1,1,3,1,0,1,1,1,0,0,0,1,0,1,2,1,0,1,1,0,0,0,0,1,1,0,0,1,-1,1,0,0,0,-1,-1,-1
89123,23,27,51,B,3.5,28,0,0,0,3,1,0,1,0,1,0,0,0,0,0,1,0,1,1,1,1,0,0,0,0,1,2,0,0,1,1,1,0,-1,-1,-1,-1,-1
89146,6,27,51,B,4.5,7,0,0,0,3,1,0,1,5,1,0,0,0,0,0,1,2,1,1,1,0,0,1,0,0,1,1,0,0,1,-1,1,0,-1,-1,-1,-1,-1
89122,111,156,267,A,2.5,17,0,0,0,3,1,0,1,0,0,0,0,0,0,0,1,2,1,0,0,1,0,0,0,0,1,1,0,0,1,1,-1,0,0,0,2,-1,0
89122,111,156,267,A,2.5,48,0,1,0,3,1,0,1,0,0,0,0,0,1,0,1,3,1,0,0,1,0,0,0,0,1,1,0,0,1,-1,1,0,-1,-1,3,-1,0
89135,20,91,38,A,3.5,34,0,1,0,3,1,0,1,1,1,0,0,0,0,0,1,2,1,1,1,1,0,0,0,0,1,1,0,0,1,1,-1,0,-1,-1,2,-1,0
89135,20,91,38,A,3,22,0,1,0,3,1,0,1,1,1,0,0,0,0,0,1,1,1,0,1,2,0,0,0,0,1,1,0,0,1,-1,1,0,0,-1,-1,-1,0
89104,10,15,25,A,2,3,0,0,0,3,1,0,1,0,0,0,0,0,0,1,1,0,1,0,1,0,0,0,0,1,1,1,0,0,1,1,-1,0,-1,-1,-1,-1,-1
89104,10,15,25,A,3.5,5,0,0,0,3,1,0,1,1,1,0,0,0,0,1,1,0,1,0,1,0,0,0,0,1,0,1,0,0,1,1,1,0,-1,-1,-1,-1,-1
89146,54,90,125,A,4,108,0,1,1,3,1,0,1,1,0,0,0,0,0,0,1,2,1,1,1,1,0,0,0,0,1,1,1,1,1,-1,1,1,0,1,-1,-1,-1
89147,22,30,39,A,3.5,25,0,1,0,3,1,0,1,0,0,0,0,0,1,0,1,3,1,1,1,1,0,0,0,0,1,1,0,0,1,1,-1,1,-1,-1,1,-1,0
89147,22,30,39,A,2,40,0,0,0,3,1,0,1,1,0,0,0,0,1,1,1,3,1,1,1,1,0,0,0,0,1,1,0,0,1,1,-1,1,-1,-1,3,-1,0
89106,14,0,33,B,3,87,0,0,0,3,1,0,1,1,1,0,0,0,0,1,1,1,1,1,1,0,0,0,0,1,1,1,0,1,1,1,-1,0,0,-1,1,-1,-1
89117,2,4,4,A,4,5,1,1,0,3,1,0,1,1,1,0,0,0,0,1,1,0,1,1,1,1,0,0,0,0,1,1,0,0,1,1,1,-1,-1,-1,-1,-1,-1
89123,50,69,97,A,3.5,61,1,1,0,3,1,0,1,1,1,0,0,0,0,0,1,2,1,1,0,1,0,0,0,1,1,2,0,1,1,1,-1,1,-1,-1,2,-1,1
89109,24,9,45,A,1.5,21,0,1,0,3,1,0,1,1,0,1,0,0,0,1,1,0,0,1,1,1,0,0,0,0,1,4,0,0,1,1,1,1,0,-1,-1,-1,-1
89117,42,8,109,A,3,252,1,1,1,3,1,0,1,1,1,0,0,0,0,0,1,3,1,0,1,1,0,1,0,0,1,2,1,1,1,-1,1,0,-1,1,3,-1,1
89103,3,20,20,A,4,19,0,1,0,3,1,0,1,1,1,0,0,0,0,1,1,2,1,0,1,1,0,1,0,1,1,1,0,0,1,1,1,-1,-1,-1,-1,-1,-1
89135,130,198,310,B,3.5,115,0,1,0,3,1,0,1,1,1,0,0,0,0,0,1,2,1,1,0,1,0,0,0,0,1,1,0,0,1,-1,1,0,0,-1,2,-1,-1
89014,56,108,97,A,3.5,31,2,1,0,3,1,0,1,1,1,0,0,0,0,0,1,2,1,1,0,2,0,1,0,0,1,2,1,1,1,-1,1,0,0,-1,1,-1,-1
89104,106,165,333,B,4,9,1,0,0,3,1,0,0,0,1,0,0,0,0,0,1,0,1,1,0,1,0,0,0,0,1,2,0,0,1,1,1,1,-1,-1,-1,-1,-1
89118,11,32,41,A,4,4,0,0,0,3,1,0,1,0,1,0,0,0,0,0,1,0,1,1,1,1,0,1,0,1,1,1,0,1,1,1,-1,0,-1,-1,-1,-1,-1
89148,1,3,3,A,3.5,85,0,1,0,3,1,0,1,1,0,0,0,0,0,1,1,2,1,0,1,1,0,0,0,0,1,1,0,0,1,1,-1,1,-1,-1,-1,-1,-1
89103,39,3,55,B,4,220,1,1,2,3,1,0,1,1,1,0,1,0,0,0,1,2,1,1,1,0,0,0,0,1,1,2,1,1,1,-1,1,1,0,-1,2,-1,1
89139,46,58,96,B,1.5,10,0,0,0,3,0,0,1,0,0,0,0,0,0,0,1,0,1,0,0,1,0,0,0,0,1,1,0,0,1,1,1,0,-1,-1,-1,-1,-1
89117,19,6,26,A,4,200,2,1,1,3,1,0,1,1,0,0,0,0,0,0,1,4,1,1,1,1,0,0,0,0,1,1,0,1,1,-1,1,0,0,0,4,-1,1
89102,57,78,147,A,3,687,0,1,1,3,1,0,1,1,1,0,0,0,0,0,1,2,1,1,1,1,0,0,0,0,1,1,0,0,1,1,-1,1,0,0,2,-1,0
89032,31,33,46,B,3,19,0,1,0,3,1,0,1,1,1,0,0,0,0,0,1,1,1,1,1,1,0,0,0,1,1,1,0,0,1,1,-1,0,0,-1,1,-1,-1
89149,27,0,59,A,3.5,44,0,1,0,3,1,0,1,1,0,0,0,0,0,0,1,1,1,1,1,1,0,0,0,1,1,1,0,0,1,-1,1,0,0,-1,-1,-1,-1
89146,90,144,185,B,4,45,2,1,0,3,1,0,1,1,0,0,0,0,0,0,1,1,1,0,0,0,0,0,0,0,1,1,0,0,1,1,-1,0,-1,-1,1,-1,-1
89130,32,54,61,B,3,22,0,1,0,3,0,0,1,0,1,0,0,0,0,0,1,0,1,0,1,1,0,0,0,0,1,1,0,0,1,1,-1,0,-1,-1,-1,-1,-1
89117,42,54,100,C,3.5,10,1,0,0,3,1,0,1,0,0,0,0,0,0,0,1,1,1,1,0,2,0,0,0,1,1,2,0,0,1,1,1,-1,-1,-1,-1,-1,-1
89104,94,84,244,B,4.5,5,0,0,0,3,1,0,1,1,1,0,0,0,0,0,1,1,1,0,0,1,0,1,0,1,1,1,0,1,1,1,-1,0,-1,-1,-1,-1,-1
89183,26,64,77,A,3.5,133,0,1,1,3,1,0,1,1,1,0,0,0,0,0,1,3,1,1,1,2,0,0,0,0,1,2,0,0,1,-1,1,1,0,0,3,-1,0
89128,57,55,193,A,3.5,119,0,1,1,3,1,0,1,1,0,0,0,0,0,0,1,1,1,1,0,1,0,1,0,0,1,1,0,0,1,-1,1,1,0,0,2,-1,-1
89146,37,94,84,B,2.5,67,0,1,1,3,1,0,1,1,0,0,0,0,0,0,1,3,1,1,1,1,0,0,0,0,1,1,0,0,1,1,-1,1,0,-1,3,-1,-1
89130,121,132,245,B,2.5,29,0,0,0,3,1,0,1,0,1,0,0,0,0,0,1,1,1,0,0,1,0,0,0,0,1,1,0,0,1,-1,1,0,-1,-1,-1,-1,-1
89128,53,6,122,B,3.5,75,0,1,1,3,0,0,1,1,0,0,0,0,0,0,1,3,1,1,1,1,0,0,0,0,1,1,0,0,1,1,-1,0,0,-1,3,-1,0
89146,3,6,6,A,3.5,3,0,0,0,3,1,0,1,1,1,0,0,0,0,1,1,0,1,1,1,1,0,0,0,0,1,1,0,0,1,1,1,-1,-1,-1,-1,-1,-1
89147,14,48,36,A,4,27,0,1,0,3,1,0,1,1,1,0,0,0,0,0,1,1,1,1,1,1,0,1,0,1,1,2,0,0,1,-1,1,1,-1,-1,-1,-1,-1
89110,57,70,138,A,2.5,13,0,0,0,3,1,0,1,0,0,0,0,0,1,0,1,1,1,0,0,1,0,0,0,0,1,1,0,0,1,1,-1,0,-1,-1,1,-1,-1
89110,57,70,138,A,4,16,0,0,0,3,1,0,1,0,1,0,0,0,0,0,1,0,1,0,0,1,0,0,0,0,1,1,0,0,1,1,-1,0,0,-1,-1,-1,-1
89102,68,120,143,B,3,97,0,1,1,3,1,0,1,1,1,0,0,0,0,0,1,1,1,0,0,1,0,0,0,1,1,1,0,1,1,1,1,1,-1,-1,-1,-1,-1
89148,23,45,48,A,4,32,1,3,0,3,1,0,1,1,0,0,0,0,0,0,1,0,0,0,1,1,0,0,0,0,1,1,1,0,1,1,1,1,-1,-1,-1,-1,-1
89123,1,8,8,A,4,33,2,1,0,3,1,0,1,1,1,0,0,0,0,1,1,0,1,1,1,1,0,0,0,0,1,1,0,0,1,1,1,-1,-1,-1,-1,-1,-1
89110,64,263,129,A,4.5,44,0,0,0,3,1,0,1,0,1,0,0,1,0,0,1,2,1,1,0,1,0,0,0,0,1,1,0,0,1,1,-1,0,0,-1,2,-1,0
89148,82,126,166,A,3.5,141,1,1,1,3,1,0,1,1,1,0,0,0,0,0,1,2,1,1,0,1,0,0,0,0,1,1,0,1,1,1,-1,0,1,-1,2,-1,-1
89108,56,121,134,B,4,5,0,1,0,3,1,0,1,0,1,0,0,0,0,0,1,0,1,1,0,1,0,1,0,0,1,1,0,0,1,1,1,0,-1,-1,-1,-1,-1
89108,56,121,134,B,3,53,0,0,0,3,1,0,1,1,0,0,0,0,0,0,1,3,1,0,0,1,0,0,0,0,1,1,0,0,1,1,-1,0,-1,0,3,-1,0
89117,79,84,137,A,4,375,0,1,1,3,1,0,1,1,1,0,0,1,0,0,1,2,1,1,1,1,0,1,0,0,1,2,0,0,1,-1,1,1,0,0,2,-1,0
89117,20,69,37,A,3.5,40,0,1,0,3,1,0,1,1,1,0,0,0,0,0,1,2,1,0,1,1,0,0,0,0,1,1,0,0,1,-1,1,1,0,-1,-1,-1,-1
89103,32,39,72,A,2.5,8,2,0,0,2,1,0,1,1,0,0,0,0,0,0,0,0,1,1,1,1,0,0,0,0,1,1,1,0,1,1,1,1,-1,1,-1,1,0
89139,1,5,5,A,4.5,6,0,0,0,3,1,0,1,0,0,0,0,0,0,1,1,0,1,0,1,1,0,0,0,0,1,1,1,1,1,-1,1,0,0,-1,3,-1,1
89117,33,60,105,B,4,22,2,0,0,3,1,0,1,0,1,0,0,0,0,0,1,1,1,1,0,1,0,0,0,0,1,2,0,1,1,1,1,1,-1,-1,-1,-1,-1
89178,7,12,12,A,2.5,7,0,0,0,3,1,0,1,1,1,0,0,0,0,1,1,0,1,1,1,1,0,0,0,0,1,1,0,0,1,1,1,-1,-1,-1,-1,-1,-1
89118,142,6,285,B,3.5,71,0,2,0,3,1,0,1,1,0,0,0,0,0,0,1,4,1,1,0,1,0,0,0,0,1,1,0,0,1,-1,1,0,0,0,4,-1,-1
89103,32,100,105,B,3,93,1,1,1,3,1,0,1,1,1,0,0,0,0,0,1,2,1,1,1,1,0,0,0,0,1,2,1,1,1,-1,1,0,-1,-1,-1,-1,-1
89104,50,50,105,A,2.5,19,1,1,0,3,1,0,1,1,1,0,0,0,0,0,1,1,1,1,0,1,0,0,0,1,1,2,0,1,1,1,-1,0,-1,-1,-1,-1,-1
89145,7,21,21,A,3.5,26,2,0,0,3,1,0,1,1,0,0,0,0,0,1,1,1,1,1,1,1,0,1,0,0,1,2,1,1,1,1,1,1,-1,-1,-1,-1,-1
89119,24,3,44,A,4,47,0,2,0,3,1,0,1,1,1,0,0,0,0,1,1,3,1,0,1,1,0,0,0,0,1,1,0,0,1,1,-1,1,0,1,1,-1,-1
89129,30,72,60,A,2.5,18,0,1,0,3,1,0,1,1,0,0,0,0,0,0,1,2,1,1,1,0,0,0,0,1,1,2,0,0,1,1,1,0,-1,-1,-1,-1,-1
89119,34,8,65,A,4,150,1,1,1,3,1,0,1,4,0,0,0,0,0,0,1,2,1,1,1,0,0,0,0,1,1,1,0,1,1,-1,1,1,0,0,-1,-1,-1
89123,18,24,30,A,4.5,1014,0,3,1,3,1,0,1,1,1,0,0,1,0,0,1,1,1,1,1,1,0,1,0,0,1,1,0,0,1,-1,1,1,1,0,2,-1,0
89147,39,21,76,A,4,14,1,1,0,3,1,0,1,1,0,0,0,0,0,0,1,0,1,0,1,1,0,0,0,0,1,1,0,0,1,1,1,0,-1,-1,-1,-1,-1
89109,132,57,232,B,4,124,2,1,0,3,1,0,1,1,1,0,0,0,0,0,1,2,1,0,0,0,0,0,0,0,1,2,0,1,1,-1,1,0,0,0,2,-1,1
89178,21,54,45,A,3.5,30,2,1,0,3,1,0,1,0,1,0,0,0,0,0,1,0,1,1,1,1,0,0,0,1,1,1,0,0,1,1,1,-1,0,-1,-1,1,-1
89123,25,13,53,A,3.5,279,0,1,1,3,1,0,1,1,1,0,0,0,0,0,1,2,1,1,1,1,0,1,0,1,1,2,0,0,1,-1,1,0,0,-1,2,-1,-1
89118,25,88,64,B,3.5,253,0,1,1,3,1,0,1,1,0,0,0,0,1,0,1,4,1,0,1,1,0,1,0,0,1,1,0,0,1,-1,1,1,0,1,4,-1,-1
89118,25,88,64,B,3,196,0,1,1,3,1,0,1,1,0,0,0,0,1,0,1,2,1,0,1,1,0,0,0,0,1,1,0,0,1,1,-1,1,0,-1,2,-1,0
89128,70,88,133,A,3.5,343,0,1,1,3,1,0,1,1,0,0,0,0,0,0,1,2,1,0,1,1,0,0,0,0,1,1,0,1,1,1,-1,0,0,0,2,-1,-1
89108,34,18,119,C,2.5,13,1,1,0,3,1,0,1,0,1,0,0,0,0,0,1,0,1,1,0,0,0,0,0,1,1,2,1,1,1,1,1,0,-1,-1,-1,-1,-1
89149,6,24,18,A,3,43,0,1,0,3,1,0,1,1,0,0,0,0,0,1,1,2,1,0,1,0,0,0,0,0,1,2,1,1,1,-1,1,0,-1,-1,-1,-1,-1
89103,104,160,305,B,3.5,291,1,1,1,3,1,0,1,1,0,0,0,0,0,0,1,2,1,0,1,1,0,0,0,0,1,2,0,1,1,-1,1,0,0,0,2,-1,-1
89102,135,86,268,B,4,1291,1,1,1,3,0,0,1,1,0,0,0,0,0,0,1,2,1,1,1,1,0,0,0,0,1,1,0,1,1,1,-1,0,0,0,2,-1,1
89147,24,91,30,A,4,220,0,1,1,3,1,0,1,1,1,0,0,0,0,0,1,2,1,1,1,1,0,1,0,0,1,2,0,1,1,1,1,0,0,-1,-1,-1,-1
89104,142,36,319,B,3.5,13,0,0,0,3,0,0,1,1,1,0,0,0,0,0,1,0,1,1,0,0,0,0,0,0,1,1,0,1,1,1,-1,1,-1,-1,-1,-1,-1
89102,14,60,40,A,4.5,19,1,1,0,3,1,0,1,1,1,0,0,0,0,0,1,0,1,0,1,0,0,1,0,1,1,1,1,0,1,-1,1,0,-1,-1,-1,-1,-1
89128,5,10,10,A,4.5,17,0,1,0,3,1,0,1,1,0,0,0,0,0,1,1,2,1,0,1,1,0,0,0,0,1,1,0,0,1,1,1,0,-1,-1,-1,-1,-1
89139,22,8,44,A,4,7,0,0,0,3,1,0,1,0,1,0,0,0,0,1,1,0,1,1,1,1,0,0,0,1,1,1,0,0,1,1,1,1,-1,-1,-1,-1,-1
89134,20,0,44,A,3.5,73,2,1,0,3,1,0,1,1,1,0,0,0,0,1,1,2,1,1,1,0,0,1,0,0,1,2,1,1,1,-1,1,0,-1,-1,-1,-1,-1
89101,3,8,8,A,4,4,0,1,0,3,1,0,1,0,1,0,0,0,0,1,1,0,1,1,1,1,0,1,0,1,1,1,0,0,1,1,1,1,-1,-1,-1,-1,-1
89118,96,66,231,B,3.5,1750,1,1,1,3,1,0,1,1,0,0,0,0,0,0,1,2,1,1,1,1,0,0,0,0,1,2,0,1,1,1,-1,0,0,1,2,-1,-1
89119,37,86,80,A,4,194,0,1,1,3,0,0,1,1,1,0,0,0,0,0,1,2,1,0,1,0,0,0,0,1,1,1,0,0,1,-1,1,0,1,1,2,-1,-1
89141,67,133,146,A,2.5,107,0,1,1,3,1,0,1,1,1,0,0,0,0,0,1,1,1,1,0,1,0,1,0,0,1,1,0,0,1,-1,0,0,-1,-1,-1,-1,-1
89108,25,57,43,A,4.5,44,2,0,0,3,1,0,1,1,1,0,0,0,0,0,0,3,1,1,0,1,0,0,0,0,1,2,0,1,1,1,1,1,0,-1,3,1,-1
89145,44,30,70,A,3.5,59,1,1,0,3,1,0,1,1,1,0,0,0,0,0,1,2,1,0,1,0,0,0,0,1,1,1,1,1,1,-1,1,0,-1,-1,2,-1,-1
89102,46,14,106,B,3.5,103,1,1,1,3,0,0,1,1,0,0,0,0,0,0,1,2,1,0,1,1,0,0,0,0,1,2,1,1,0,-1,1,0,-1,-1,-1,-1,-1
89123,14,8,41,A,3.5,10,0,1,0,3,1,0,1,1,1,0,0,0,0,1,1,1,1,1,1,1,0,0,0,1,1,2,0,0,1,-1,1,1,-1,-1,-1,-1,-1
89156,27,30,49,A,3.5,48,0,1,0,3,1,0,1,1,1,0,0,0,0,1,1,1,1,1,1,1,0,0,0,0,1,1,0,0,1,1,-1,0,0,-1,1,-1,0
89103,68,84,155,A,4.5,147,0,1,1,3,1,0,1,2,1,0,0,0,0,0,1,3,1,1,1,1,0,0,0,1,1,1,0,1,1,-1,1,1,0,-1,3,-1,1
89129,69,112,164,B,4,315,2,1,1,3,1,0,1,1,1,0,0,0,0,0,1,1,1,1,1,0,0,0,0,0,1,2,0,1,1,-1,1,0,0,-1,1,-1,-1
89117,45,9,80,A,4,75,2,2,1,3,0,0,1,1,0,0,0,0,0,0,0,1,1,1,1,1,0,0,0,0,1,1,0,1,1,1,-1,1,1,-1,1,1,-1
89147,26,0,45,A,3.5,238,2,1,1,3,1,0,1,1,0,0,0,0,0,0,0,2,1,1,1,1,0,1,0,0,1,2,1,1,1,-1,1,1,-1,-1,2,-1,-1
89104,93,135,256,B,4,262,0,1,0,3,1,0,1,2,0,0,0,0,0,0,1,2,1,1,1,1,0,1,0,0,1,1,0,0,1,-1,1,0,0,0,2,-1,-1
89103,74,68,135,B,3.5,127,0,1,1,3,1,0,1,0,0,0,0,0,0,0,1,2,1,0,1,1,0,0,0,1,1,1,0,0,1,1,-1,0,0,-1,2,-1,0
89130,45,153,103,A,3.5,17,0,0,0,3,0,0,1,1,1,0,0,1,0,0,1,3,1,0,0,2,0,0,0,0,1,1,0,0,1,1,1,0,0,0,-1,-1,-1
89130,45,153,103,A,4,84,0,1,1,3,1,0,1,1,1,0,0,0,0,0,1,1,1,0,0,1,0,0,0,1,1,1,0,0,1,1,-1,0,-1,-1,1,-1,-1
89115,46,133,108,A,4.5,114,0,1,1,3,0,0,1,1,0,0,0,0,0,0,1,2,1,1,1,1,0,0,0,0,1,1,0,1,1,-1,1,0,0,0,2,-1,1
89113,35,0,79,A,4.5,21,0,0,0,3,0,0,1,0,1,0,0,0,0,0,1,0,1,0,1,0,0,0,0,0,0,1,0,0,1,1,1,0,-1,-1,-1,-1,-1
89119,7,8,51,B,2.5,14,0,0,0,3,1,0,1,1,0,0,0,0,0,1,1,0,1,0,1,1,0,0,0,0,0,2,0,0,1,1,1,0,-1,-1,-1,-1,-1
89119,7,8,51,B,3.5,40,0,1,0,3,1,0,1,1,1,0,0,0,0,1,1,1,1,0,1,0,0,1,0,1,1,1,0,0,1,-1,1,1,1,1,-1,-1,-1
89119,7,8,51,B,4,29,0,1,0,3,1,0,1,1,1,0,0,0,0,1,1,1,1,0,1,0,0,0,0,1,1,1,0,0,1,1,1,0,0,-1,-1,-1,-1
89103,67,128,175,B,3,61,0,1,0,3,1,0,1,1,0,0,0,0,0,0,1,2,1,0,0,0,0,0,0,1,0,1,0,0,1,-1,1,0,0,0,2,-1,-1
89119,43,73,116,A,4.5,3,1,1,0,3,1,0,1,1,1,0,0,1,0,0,0,1,1,1,0,1,0,1,0,0,0,1,0,0,1,1,1,1,-1,-1,-1,-1,-1
89110,56,33,130,C,3.5,11,0,0,0,3,1,0,1,0,1,0,0,0,0,0,0,0,1,0,0,0,0,0,0,0,1,1,0,1,1,1,-1,0,-1,-1,-1,-1,-1
89113,67,47,143,A,4.5,1146,0,1,1,3,1,0,1,1,1,0,0,1,0,0,1,3,1,0,1,1,0,1,0,0,1,1,0,0,1,-1,1,1,0,0,3,-1,-1
89128,16,24,36,A,4.5,99,0,1,0,3,1,0,1,0,0,0,0,0,0,1,1,2,1,0,1,1,0,0,0,0,1,1,0,0,1,1,-1,0,0,0,-1,-1,-1
89104,90,62,170,B,2.5,40,0,1,0,3,1,0,1,1,1,0,0,0,0,0,1,1,1,0,0,1,0,0,0,1,0,1,0,0,1,-1,1,0,-1,-1,-1,-1,-1
89107,85,5,195,B,3,88,0,0,0,3,1,0,1,0,1,0,0,0,0,0,1,4,1,0,0,0,0,0,0,1,1,2,0,1,1,1,-1,0,1,-1,4,-1,-1
89120,47,107,99,B,3,54,0,1,0,3,1,0,1,1,0,0,0,0,0,0,1,3,1,0,0,1,0,0,0,0,1,1,0,0,1,-1,1,0,0,0,3,-1,-1
89129,72,57,166,A,3,141,1,1,1,3,1,0,1,1,1,0,0,0,0,0,1,2,1,1,0,1,0,1,0,1,1,2,0,1,1,1,-1,1,0,-1,2,-1,1
89102,89,63,220,B,4,341,0,1,1,3,1,0,1,1,0,0,0,0,0,0,1,2,1,1,1,1,0,1,0,0,1,1,0,0,1,-1,1,0,0,0,2,-1,-1
89115,34,36,99,B,4.5,4,2,0,0,3,0,0,1,1,1,0,0,0,0,1,1,0,1,1,0,1,0,1,0,1,1,2,0,0,1,1,1,0,-1,-1,-1,1,-1
89147,38,0,92,A,3.5,183,0,1,1,3,1,0,1,1,1,0,0,0,0,0,1,2,1,1,1,1,0,1,0,0,1,1,0,1,1,-1,1,1,-1,0,3,-1,1
89178,23,45,47,A,3.5,108,0,1,0,3,1,0,1,1,1,0,0,0,0,1,1,2,1,0,1,1,0,1,0,1,1,1,0,0,1,-1,0,0,-1,-1,2,-1,-1
89106,33,101,83,A,2.5,38,0,1,0,3,1,0,1,0,1,0,0,0,1,0,1,0,1,0,0,2,0,0,0,0,0,1,0,0,1,1,-1,0,0,-1,-1,-1,-1
89106,33,101,83,A,3.5,56,0,0,0,3,1,0,1,0,0,0,0,0,0,0,1,2,1,0,1,1,0,0,0,0,1,1,0,0,1,-1,1,0,-1,-1,2,-1,-1
89121,89,0,149,B,4,31,0,1,0,3,1,0,1,0,0,0,0,0,0,0,1,1,1,0,0,1,0,0,0,1,1,2,0,0,1,1,-1,0,-1,-1,1,-1,-1
89131,12,0,16,A,2.5,3,0,0,0,3,0,0,1,0,1,0,0,0,0,1,0,0,0,1,1,1,0,0,0,0,1,1,0,0,1,1,1,0,-1,-1,-1,-1,-1
89121,22,36,42,A,4,34,0,1,0,3,0,0,1,1,1,0,0,0,0,1,1,2,1,1,1,0,0,0,0,1,1,2,0,1,1,1,-1,0,-1,-1,-1,-1,-1
89117,48,8,115,A,4.5,277,1,1,1,3,1,0,1,1,1,0,0,0,0,0,1,2,1,1,1,1,0,0,0,1,1,1,0,1,1,-1,1,1,0,1,2,-1,1
89129,28,0,49,A,2.5,32,0,0,0,3,1,0,1,0,1,0,0,0,0,1,1,1,1,0,1,1,0,0,0,0,1,1,0,1,1,1,-1,0,-1,-1,1,-1,-1
89129,28,0,49,A,2.5,18,0,0,0,3,0,0,1,1,1,0,0,0,0,1,1,0,1,0,1,0,0,1,0,0,1,1,0,0,1,-1,1,0,0,-1,-1,-1,-1
89129,28,0,49,A,2,20,0,0,0,3,1,0,1,1,1,0,0,0,0,1,1,1,1,0,1,0,0,0,0,0,1,1,0,0,1,1,-1,0,-1,-1,1,-1,-1
89129,28,0,49,A,2.5,12,0,0,0,3,1,0,1,0,1,0,0,0,0,1,1,1,1,0,1,1,0,0,0,0,1,1,0,0,1,1,1,0,-1,-1,1,-1,-1
89129,28,0,49,A,2.5,25,0,0,0,3,0,0,1,0,1,0,0,0,0,1,1,0,1,0,1,0,0,0,0,0,1,1,0,0,1,1,-1,0,-1,-1,-1,-1,-1
89121,11,2,24,A,4.5,3,0,1,0,3,0,0,1,0,1,0,0,0,0,1,1,0,1,0,1,1,0,0,0,1,1,1,0,0,1,1,1,0,-1,-1,-1,-1,-1
89123,167,279,403,B,3.5,126,0,1,0,3,1,0,1,1,1,0,0,0,0,0,1,2,1,0,0,1,0,0,0,0,1,1,0,1,1,1,-1,0,0,0,2,-1,-1
89156,19,30,31,A,4,5,0,0,0,3,0,0,1,1,1,0,0,0,0,0,1,0,1,1,1,0,0,0,0,1,1,1,0,0,1,1,-1,0,-1,-1,-1,-1,-1
89119,38,81,81,A,3,100,0,0,1,3,0,0,1,1,0,0,0,0,0,0,1,2,1,0,1,1,0,0,0,0,1,1,0,0,1,-1,1,0,0,0,-1,-1,-1
89123,84,126,185,B,3.5,69,1,1,0,3,1,0,1,1,1,0,0,0,0,0,1,1,1,1,0,0,0,0,0,0,1,2,1,1,1,-1,1,0,-1,-1,-1,-1,-1
89103,89,12,235,B,2.5,325,0,1,1,3,1,0,1,2,1,0,0,0,0,0,1,3,1,1,1,0,0,1,0,1,1,2,1,1,1,-1,1,1,0,0,3,-1,-1
89118,42,3,72,A,4.5,148,2,1,1,3,1,0,1,1,1,0,0,0,0,0,1,2,1,1,1,1,0,1,0,0,1,1,1,1,1,-1,1,0,0,0,-1,-1,-1
89104,67,72,113,B,3.5,5,0,0,0,3,0,0,1,0,0,0,0,0,0,0,1,0,1,0,0,1,0,1,0,0,1,1,0,0,1,1,-1,0,-1,-1,-1,-1,-1
89149,22,0,52,A,3,234,2,1,1,3,1,0,1,1,1,0,0,0,0,0,1,5,1,0,1,1,0,1,0,0,1,2,1,1,1,-1,1,0,0,-1,5,-1,1
89101,45,66,95,A,3,211,2,1,1,3,1,0,1,1,0,0,0,0,0,1,0,2,1,0,1,3,0,1,0,0,1,2,0,1,0,1,1,0,0,-1,-1,0,-1
89103,27,0,57,A,4,129,0,1,1,3,0,0,1,1,1,0,0,0,0,1,1,2,1,0,1,1,0,0,0,1,1,1,0,0,1,-1,1,0,0,-1,2,-1,-1
89103,180,198,466,B,3.5,519,1,1,2,3,0,0,1,1,0,0,1,0,0,0,1,2,1,0,1,1,0,0,0,0,1,2,1,1,1,-1,1,1,0,0,2,-1,-1
89102,25,48,59,A,4.5,8,0,0,0,3,1,0,1,0,1,0,0,0,0,0,1,0,1,0,1,0,0,1,0,1,1,1,0,1,1,1,-1,0,0,-1,-1,-1,-1
89113,10,15,19,A,3,65,2,1,0,3,1,0,1,1,1,0,0,0,0,1,1,3,1,1,1,1,0,1,0,0,1,2,1,1,1,-1,1,0,-1,-1,-1,-1,-1
89146,99,73,202,A,4,256,1,1,1,3,1,0,1,1,1,0,0,0,0,0,1,2,1,1,1,1,0,0,0,1,1,1,0,1,1,-1,1,1,0,0,2,-1,-1
89145,41,6,94,A,4,832,0,2,1,3,1,0,1,1,0,0,0,0,0,0,1,2,1,1,1,1,0,1,0,0,1,1,0,0,1,-1,1,1,0,-1,2,-1,0
89101,19,24,44,B,3,33,2,1,0,3,1,0,1,1,1,0,0,0,0,0,1,0,1,1,1,1,0,1,0,0,1,2,1,1,1,2,1,1,-1,-1,-1,-1,-1
89102,33,33,72,A,4,209,0,1,1,3,1,0,1,1,1,0,0,0,0,0,1,2,1,1,1,1,0,1,0,1,1,2,0,1,1,1,1,1,1,1,-1,-1,-1
89147,59,0,152,A,4,150,0,1,1,3,1,0,1,1,1,0,0,0,0,1,1,2,1,1,1,0,0,0,0,1,1,2,0,1,1,-1,1,0,1,-1,-1,-1,-1
89102,120,106,253,B,3.5,669,1,1,1,3,0,0,1,1,0,0,0,0,0,0,1,3,1,1,1,1,0,0,0,0,1,2,0,1,0,-1,1,0,0,0,3,-1,1
89148,40,51,58,A,3.5,163,0,1,1,3,1,0,1,1,1,0,0,0,0,0,1,2,1,0,1,1,0,0,0,1,0,2,0,0,1,-1,1,0,1,-1,2,-1,-1
89106,23,45,53,A,3.5,5,2,0,0,3,1,0,1,0,1,0,0,0,0,0,1,0,1,1,1,1,0,0,0,0,1,2,0,0,1,1,1,-1,-1,-1,-1,-1,-1
89119,7,20,34,A,2.5,69,2,1,0,3,1,0,1,3,0,0,0,0,0,1,0,1,1,1,2,1,0,1,0,0,1,3,1,1,1,1,1,0,-1,-1,-1,-1,-1
89104,1,0,0,A,5,4,2,2,0,3,0,0,1,0,1,0,0,0,0,1,1,0,1,1,1,0,0,0,0,1,1,1,0,0,1,1,1,0,0,-1,2,-1,1
89123,4,9,7,A,4.5,205,0,1,1,3,1,0,1,1,1,0,0,0,0,0,0,0,1,1,1,1,0,0,0,0,1,1,0,1,1,1,1,1,1,0,-1,-1,-1
89147,57,84,124,A,3,99,0,1,1,3,1,0,1,0,1,0,0,0,0,0,1,2,1,0,0,1,0,0,0,0,1,1,0,0,1,1,-1,0,1,-1,2,-1,-1
89123,2,0,1,A,4,19,0,0,0,3,1,0,1,0,1,0,0,0,0,1,1,1,1,0,1,0,0,1,0,0,1,1,0,0,1,1,-1,1,-1,-1,-1,-1,-1
89135,45,47,85,A,3,100,0,1,1,3,1,0,1,1,0,0,0,0,0,0,1,2,1,1,1,1,0,1,0,0,1,1,0,0,1,-1,1,1,1,1,-1,-1,-1
89117,28,40,51,A,4,85,0,1,0,3,1,0,1,1,1,0,0,0,0,1,1,1,1,1,1,1,0,1,0,0,1,1,0,0,1,1,1,0,1,1,1,-1,-1
89139,55,36,105,A,3.5,280,0,1,1,3,1,0,1,1,1,0,0,0,0,0,1,3,1,1,1,1,0,1,0,1,1,1,0,1,1,-1,1,1,0,-1,3,-1,-1
89103,35,108,80,B,3.5,22,0,1,0,3,0,0,1,2,0,0,0,0,0,0,1,0,1,1,0,1,0,0,0,1,0,2,0,0,1,1,1,0,0,-1,-1,-1,-1
89130,21,0,24,A,4,12,2,0,0,3,1,0,1,1,0,0,0,0,0,1,1,0,1,1,1,1,0,0,0,0,1,1,0,1,1,1,1,0,-1,-1,-1,-1,-1
89145,52,134,129,A,3,42,0,1,0,3,1,0,1,0,0,0,0,0,0,0,1,1,1,0,0,1,0,0,0,0,1,1,0,0,1,1,-1,0,-1,-1,1,-1,-1
89103,53,42,121,A,3.5,96,2,1,1,3,0,0,1,1,1,0,0,0,0,0,1,3,1,1,1,0,0,0,0,1,1,1,0,0,1,-1,1,0,-1,-1,3,-1,-1
89103,42,3,68,A,3.5,10,2,0,0,3,1,0,1,1,1,0,0,0,0,0,0,0,1,1,1,1,0,0,0,0,1,1,0,0,1,1,-1,1,-1,-1,-1,-1,-1
89169,51,60,89,A,4.5,86,2,1,1,3,1,0,1,1,0,0,0,0,0,0,1,2,0,1,1,1,0,0,0,0,1,1,1,0,1,1,1,1,0,0,-1,-1,-1
89103,34,36,89,A,4,202,0,1,1,3,1,0,1,1,1,0,0,0,0,0,1,1,1,0,1,0,0,1,0,0,0,2,1,0,1,-1,1,0,0,0,-1,-1,-1
89135,7,21,15,A,3.5,320,0,1,1,3,1,0,1,1,0,0,0,0,0,0,1,0,1,0,1,1,0,0,0,0,0,1,0,1,1,-1,1,1,0,0,-1,-1,-1
89135,23,6,20,A,4.5,32,1,1,0,3,1,0,1,1,0,0,0,0,0,1,1,0,1,1,1,1,0,0,0,0,1,2,0,0,1,1,1,0,-1,-1,-1,-1,-1
89102,83,153,192,A,3,71,0,1,0,3,0,0,1,0,1,0,0,0,0,0,1,2,1,0,0,0,0,1,0,1,1,1,0,0,1,-1,1,0,0,-1,-1,-1,-1
89117,7,32,24,A,2,9,0,1,0,3,1,0,1,0,0,0,0,0,0,1,1,0,1,1,1,1,0,0,0,1,0,2,0,0,1,1,-1,0,-1,-1,-1,-1,-1
89115,54,96,120,A,4.5,26,1,1,0,3,1,0,1,1,0,0,0,0,0,0,1,1,1,1,0,1,0,0,0,0,1,2,1,1,1,-1,1,0,1,-1,1,-1,-1
89128,90,142,228,B,3.5,111,0,1,0,3,1,0,1,1,1,0,0,0,0,0,1,2,1,0,0,0,0,0,0,0,1,1,0,1,1,1,-1,0,-1,0,2,-1,1
89122,58,117,119,A,3.5,93,0,1,1,3,0,0,1,1,1,0,0,0,0,0,1,1,1,1,0,1,0,0,0,1,0,2,0,0,1,-1,0,0,0,-1,-1,-1,-1
89117,55,82,144,A,4,688,0,1,1,3,1,0,1,1,1,0,0,0,0,0,1,3,1,0,1,1,0,1,0,0,1,1,1,0,1,-1,1,1,0,0,-1,-1,-1
89146,103,6,256,B,3.5,503,2,1,1,3,1,0,1,1,0,0,0,0,0,0,1,2,1,1,1,1,0,0,0,0,1,1,1,1,1,-1,0,0,0,1,2,-1,1
89102,30,245,94,B,4,342,2,1,1,3,1,0,1,1,1,0,0,0,0,0,1,0,1,1,0,1,0,0,0,0,1,1,1,1,1,-1,1,1,1,0,-1,-1,-1
89146,98,60,231,B,4,2499,1,1,1,3,0,0,1,1,0,0,0,0,0,0,1,2,1,0,1,1,0,0,0,0,0,1,0,1,1,-1,1,0,0,0,2,-1,-1
89122,55,99,100,A,4.5,22,1,0,0,3,0,0,0,1,1,0,0,0,0,0,1,2,1,1,0,1,0,0,0,0,1,1,0,1,1,-1,1,0,0,0,2,-1,-1
89115,76,132,147,A,3.5,24,0,1,0,3,1,0,1,0,1,0,0,0,0,0,1,1,1,1,0,1,0,0,0,1,1,1,0,1,1,1,-1,0,-1,-1,-1,-1,-1
89149,33,0,39,A,4,526,1,1,1,3,1,0,1,0,1,0,0,0,0,0,1,2,1,1,1,1,0,1,0,0,1,2,1,1,1,-1,1,0,0,0,2,-1,1
89103,93,338,199,B,3.5,320,0,1,1,3,1,0,1,1,0,0,0,0,0,0,1,2,1,1,0,0,0,0,0,0,1,2,0,1,1,-1,1,1,0,0,2,-1,-1
89145,117,128,267,B,3.5,115,0,0,0,3,1,0,1,0,1,0,0,0,0,0,1,2,1,0,0,1,0,0,0,1,1,1,0,1,1,1,-1,0,0,-1,2,-1,-1
89147,61,113,112,A,3.5,314,0,1,1,3,1,0,1,1,0,0,0,0,0,0,1,2,1,0,1,1,0,1,0,0,1,2,0,0,1,-1,1,0,0,0,2,-1,0
89139,13,10,24,A,3.5,150,1,1,1,3,1,0,0,1,1,0,0,0,0,1,1,2,1,1,1,0,0,0,0,1,1,1,0,1,1,-1,1,0,0,0,2,-1,-1
89121,65,115,166,A,4.5,765,2,1,1,3,1,0,1,1,0,0,0,0,0,0,1,1,1,1,1,1,0,1,0,0,1,2,1,1,1,-1,1,1,0,0,1,-1,1
89130,9,40,34,A,3,7,0,0,0,3,1,0,1,1,1,0,0,0,0,1,1,0,1,1,1,1,0,0,0,0,1,1,0,0,1,1,1,1,-1,-1,-1,-1,-1
89123,5,9,11,A,4.5,16,2,1,0,3,1,0,1,1,1,0,0,0,0,1,1,0,1,0,1,3,0,1,0,0,1,1,0,0,1,-1,1,1,-1,-1,-1,-1,-1
89117,31,33,64,B,3.5,92,0,1,0,3,1,0,1,0,1,0,0,0,0,1,1,2,1,0,1,1,0,0,0,1,1,1,0,0,1,-1,0,0,0,-1,2,-1,-1
89146,89,167,254,B,4.5,132,0,1,0,3,0,0,1,1,1,0,0,0,0,0,1,2,1,1,0,1,0,0,0,0,1,1,0,0,1,-1,1,0,0,0,2,-1,-1
89139,43,75,110,A,3,70,0,1,1,3,1,0,1,1,0,0,0,0,0,0,1,2,1,0,0,2,0,0,0,0,1,2,0,1,1,-1,1,0,0,0,3,-1,-1
89130,3,6,6,A,4,11,1,1,0,3,1,0,1,1,0,0,0,0,0,1,1,2,1,1,1,1,0,0,0,0,1,2,0,1,1,1,1,-1,-1,-1,-1,-1,-1
89123,73,128,186,A,4,957,1,1,1,3,1,0,1,2,1,0,0,0,0,0,1,2,1,1,1,1,0,0,0,1,1,2,1,1,1,-1,1,1,0,0,2,-1,-1
89121,70,130,158,B,2.5,24,2,1,0,3,0,0,1,1,1,0,0,0,0,1,1,1,1,1,1,1,0,0,0,1,1,1,0,0,1,1,1,1,0,-1,-1,1,-1
89119,45,243,191,C,3.5,65,2,1,0,3,1,0,1,1,1,0,0,1,0,0,1,3,1,1,0,2,0,0,0,0,1,1,0,1,1,-1,1,0,0,-1,3,-1,-1
89131,35,91,85,A,2.5,81,0,1,1,3,1,0,1,1,1,0,0,0,0,0,1,2,1,0,1,1,0,1,0,1,1,2,0,1,1,-1,1,1,0,0,-1,-1,-1
89101,50,38,114,A,4,212,2,1,1,3,1,0,1,1,0,0,0,0,0,0,1,2,1,0,1,3,0,0,0,1,1,2,0,1,1,1,1,0,0,-1,-1,0,-1
89117,7,0,0,A,4.5,157,0,1,1,3,1,0,1,1,0,0,0,0,0,1,1,2,1,1,1,1,0,0,0,0,1,1,0,1,0,1,1,-1,1,1,-1,-1,-1
89101,45,30,146,B,4,110,0,1,1,3,0,0,1,1,0,0,0,0,0,0,1,3,1,1,1,1,0,0,0,1,1,1,0,0,1,-1,1,0,-1,-1,-1,-1,-1
89108,64,171,153,A,3,31,0,0,0,3,1,0,1,0,1,0,0,0,0,0,1,0,1,0,0,3,0,0,0,0,1,1,0,0,1,1,1,0,-1,-1,-1,-1,-1
89104,58,45,122,A,4,88,0,1,1,3,0,0,1,1,0,0,0,0,0,0,1,2,1,1,1,1,0,0,0,0,1,1,0,0,1,1,1,-1,0,0,-1,-1,-1
89183,19,15,54,A,3,32,0,1,0,3,0,0,1,1,0,0,0,0,0,1,1,1,1,1,1,1,0,1,0,0,1,1,0,0,1,1,1,-1,-1,-1,-1,-1,-1
89147,13,32,26,A,3,22,1,0,0,3,0,0,1,1,1,0,0,0,0,1,1,2,1,0,1,0,0,0,0,0,1,2,1,1,1,1,-1,0,-1,-1,-1,-1,-1
89118,14,18,38,B,3.5,62,0,0,0,3,0,0,1,1,0,0,0,0,0,1,1,2,1,1,1,1,0,0,0,1,1,1,1,1,1,-1,1,1,-1,-1,2,-1,-1
89134,9,32,26,A,3,11,0,0,0,3,1,0,1,0,1,0,0,0,0,1,1,2,1,0,1,1,0,1,0,0,1,1,0,0,1,1,1,0,-1,-1,-1,-1,-1
89178,33,27,75,A,4,320,0,1,1,3,1,0,1,1,1,0,0,0,0,0,1,2,1,0,1,1,0,1,0,1,1,1,0,1,1,-1,1,1,1,1,-1,-1,-1
89117,66,62,148,A,3.5,207,1,1,1,3,1,0,1,1,0,0,0,0,0,0,1,2,1,1,1,1,0,0,0,0,1,2,1,1,1,-1,1,1,0,-1,2,-1,-1
89101,67,102,188,A,3,8,0,1,0,3,1,0,1,1,1,0,0,0,0,0,1,1,1,0,0,1,0,0,0,0,1,1,0,0,1,1,1,0,-1,-1,-1,-1,-1
89123,1,0,0,A,2.5,3,0,1,0,3,0,0,1,0,1,0,0,0,0,1,1,0,1,0,1,1,0,0,0,0,1,1,0,0,1,1,1,0,-1,-1,-1,-1,-1
89123,1,0,0,A,3.5,9,2,2,0,3,0,0,1,0,0,0,0,0,0,1,0,0,1,1,1,1,0,1,0,0,1,1,1,0,1,1,1,0,0,-1,-1,-1,-1
89117,26,105,70,A,2.5,82,0,0,1,3,0,0,1,0,1,0,0,0,0,0,1,2,1,1,1,0,0,1,0,1,1,2,1,1,1,1,-1,1,-1,-1,2,-1,-1
89115,64,36,158,A,4,9,0,1,0,3,0,0,1,1,0,0,0,0,0,0,1,0,1,1,0,1,0,0,0,0,1,1,0,0,1,1,-1,0,-1,-1,-1,-1,-1
89115,64,36,158,A,2,24,0,0,0,3,1,0,1,1,1,0,0,0,1,0,1,1,1,0,0,1,0,0,0,0,1,1,0,0,1,-1,1,0,-1,-1,-1,-1,-1
89115,64,36,158,A,3,37,0,1,0,3,0,0,1,1,1,0,0,0,0,0,1,4,1,0,0,1,0,0,0,0,1,1,0,0,1,1,-1,0,0,0,-1,-1,-1
89117,11,12,25,A,4,96,2,2,0,3,1,0,1,1,1,0,0,0,0,1,0,1,1,1,1,1,0,1,0,0,1,3,1,1,1,-1,1,0,-1,-1,-1,-1,-1
89148,37,27,91,A,4,264,2,1,1,3,1,0,1,1,1,0,0,0,0,0,1,2,1,0,1,1,0,1,0,0,1,2,1,1,1,-1,1,1,0,0,3,-1,1
89121,13,36,63,B,4,10,0,0,0,3,1,0,1,1,0,0,0,0,1,0,1,3,1,1,1,1,0,1,0,0,1,1,0,0,1,-1,1,1,-1,-1,-1,-1,0
89118,89,247,241,B,4,733,1,1,1,3,1,0,1,1,1,0,0,0,0,0,1,2,1,0,1,1,0,0,0,0,1,2,1,1,1,-1,1,0,0,-1,2,-1,-1
89113,28,34,55,A,3.5,170,0,1,1,3,1,0,1,1,1,0,0,0,0,0,1,2,1,1,1,1,0,0,0,1,1,1,0,0,1,-1,1,0,0,0,2,-1,0
89117,14,45,32,A,4.5,9,0,0,0,3,1,0,1,0,0,0,0,0,0,1,1,0,1,0,1,1,0,0,0,0,0,1,0,1,1,1,1,1,-1,-1,-1,-1,-1
89121,47,8,84,A,3,4,0,0,0,3,1,0,0,0,0,0,0,0,0,0,0,0,1,0,1,1,0,0,0,0,1,1,0,0,1,1,1,1,-1,-1,-1,-1,-1
89102,157,120,344,B,4,338,0,1,1,3,1,0,1,1,0,0,0,0,1,0,1,2,1,1,1,1,0,0,0,0,1,1,0,1,1,-1,1,1,0,0,2,-1,1
89103,10,27,19,A,3.5,15,0,1,0,3,1,0,1,1,1,0,0,0,0,1,1,0,1,1,1,1,0,0,0,0,1,1,0,0,1,1,-1,1,-1,-1,-1,-1,-1
89119,61,108,121,B,3,119,0,1,1,3,1,0,1,1,1,0,0,0,0,0,1,4,1,0,1,1,0,0,0,0,1,1,0,0,1,-1,0,0,0,0,5,-1,-1
89119,11,16,16,A,4,12,0,0,0,3,1,0,1,1,0,0,0,0,0,1,1,0,1,1,1,0,0,0,0,0,1,1,0,0,1,1,1,1,-1,-1,-1,-1,-1
89121,21,0,59,C,1.5,12,0,1,0,3,1,0,1,0,0,0,0,0,1,0,0,0,1,1,1,1,0,0,0,0,1,2,0,0,1,-1,1,1,-1,-1,-1,-1,-1
89121,21,0,59,C,2,21,0,1,0,3,1,0,1,0,0,0,0,0,1,0,1,1,1,0,1,3,0,0,0,0,1,1,0,0,1,1,-1,1,-1,-1,1,-1,0
89121,21,0,59,C,2.5,36,0,1,0,3,1,0,1,1,1,0,0,0,1,1,1,1,1,1,1,1,0,0,0,0,1,1,0,0,1,1,-1,1,-1,-1,1,-1,-1
89121,21,0,59,C,2,6,0,0,0,3,0,0,1,0,0,0,0,0,0,0,1,0,1,0,1,3,0,0,0,0,1,1,0,0,1,1,1,0,-1,-1,-1,-1,0
89121,21,0,59,C,2,23,0,0,0,3,1,0,1,0,0,0,0,0,1,0,1,0,1,0,1,3,0,0,0,0,0,1,0,0,1,1,-1,1,-1,-1,-1,-1,-1
89146,123,146,253,A,4,543,1,1,1,3,1,0,1,1,1,0,0,0,0,0,1,2,1,1,1,1,0,0,0,0,1,1,1,1,1,-1,1,1,0,0,2,-1,1
89103,16,42,49,A,4,23,2,0,0,3,1,0,1,1,1,0,0,0,0,0,1,0,1,1,1,1,0,0,0,0,1,2,0,1,0,1,1,0,-1,-1,-1,-1,-1
89121,35,88,100,A,3,12,0,0,0,3,1,0,1,1,0,0,0,0,0,0,0,0,1,0,0,3,0,0,0,0,1,2,0,0,1,1,-1,1,-1,-1,-1,-1,-1
89148,36,54,79,A,3,35,1,1,0,3,1,0,1,1,1,0,0,0,0,0,1,2,1,1,1,0,0,0,0,1,1,1,0,1,1,1,-1,0,-1,-1,-1,-1,-1
89130,70,104,147,A,4,82,0,1,1,3,1,0,1,1,0,0,0,0,0,0,1,3,1,1,0,0,0,0,0,0,1,2,0,1,1,1,-1,0,-1,0,3,-1,-1
89115,47,39,87,A,3.5,54,0,0,0,3,0,0,1,1,1,0,0,0,0,0,1,2,1,1,1,1,0,0,0,1,1,2,0,0,1,1,-1,0,-1,-1,2,-1,-1
89108,85,24,211,B,4,12,0,0,0,3,0,0,1,0,0,0,0,0,0,0,1,0,1,1,0,1,0,0,0,0,1,2,0,1,1,1,-1,0,-1,-1,-1,-1,-1
89109,40,89,82,A,2.5,12,0,1,0,3,1,0,1,0,1,0,0,0,0,0,1,0,1,1,0,0,0,0,0,1,1,1,0,0,1,1,-1,0,-1,-1,-1,-1,-1
89109,40,89,82,A,4,18,0,0,0,3,1,0,1,0,1,0,0,0,0,0,1,1,1,1,0,1,0,0,0,0,0,1,0,0,1,1,1,1,-1,-1,2,-1,-1
89128,16,36,39,A,3,73,2,2,0,3,1,0,1,1,1,0,0,0,0,1,0,1,1,1,1,1,0,1,0,0,1,3,1,1,1,-1,1,0,-1,-1,-1,-1,-1
89106,42,47,96,B,4.5,415,0,1,1,3,1,0,1,1,1,0,0,0,0,0,1,3,1,0,1,1,0,0,0,0,0,2,0,0,1,-1,1,0,0,0,3,-1,0
89118,42,80,92,A,4,168,1,1,1,3,1,0,1,0,1,0,0,0,0,0,1,2,1,1,1,1,0,0,0,1,1,2,0,1,1,1,-1,1,0,1,2,-1,1
89131,7,16,16,A,3,72,0,0,0,3,1,0,1,0,0,0,0,0,0,1,1,1,1,0,1,1,0,0,0,0,1,1,0,0,1,1,1,1,-1,-1,1,-1,-1
89128,31,42,77,A,4,9,0,1,0,3,1,0,1,1,1,0,0,0,0,0,1,0,1,0,1,0,0,1,0,0,1,1,0,0,1,-1,1,0,-1,-1,-1,-1,-1
89119,26,45,50,A,4,44,0,1,0,3,1,0,1,0,1,0,0,0,0,1,1,2,1,1,1,1,0,0,0,0,1,1,0,0,1,1,1,0,-1,-1,2,-1,-1
89118,41,122,85,B,3,97,0,1,1,3,1,0,1,1,1,0,0,0,0,0,1,1,0,0,1,1,0,1,0,1,0,1,0,0,1,-1,1,0,-1,-1,-1,-1,-1
89123,33,72,66,A,4,232,0,1,1,3,1,0,1,1,1,0,0,0,0,0,1,2,1,1,1,1,0,0,0,1,1,2,0,0,1,-1,1,0,1,-1,2,-1,-1
89119,46,107,111,B,3.5,93,0,0,1,3,1,0,1,1,0,0,0,0,0,0,1,3,1,0,1,1,0,1,0,0,1,1,0,0,1,-1,1,0,0,-1,3,-1,-1
89123,16,0,29,A,3.5,129,0,1,1,3,1,0,1,1,1,0,0,0,0,1,1,1,1,1,1,1,0,1,0,0,1,1,0,0,1,-1,1,0,1,0,1,-1,0
89101,36,30,96,B,3.5,24,0,1,0,3,1,0,1,1,1,0,0,0,0,0,1,1,1,0,1,0,0,0,0,1,1,1,0,1,1,-1,1,0,-1,-1,-1,-1,-1
89143,91,6,208,A,3.5,240,2,1,1,3,1,0,1,1,1,0,0,0,0,0,1,2,1,1,1,1,0,1,0,1,1,2,0,1,1,-1,1,1,0,0,2,-1,1
89110,35,68,81,A,4,30,1,0,0,3,1,0,1,2,1,0,0,0,0,0,1,5,1,1,1,1,0,0,0,1,1,2,1,1,1,-1,1,1,-1,-1,5,-1,1
89123,43,70,127,A,4,180,0,1,1,3,1,0,1,1,1,0,0,0,0,0,1,1,1,0,1,0,0,1,0,0,1,2,0,0,1,-1,1,0,0,-1,-1,-1,-1
89101,24,36,43,A,4,122,2,1,1,3,1,0,1,2,1,0,0,0,0,1,0,2,1,0,1,1,0,0,0,1,1,2,1,0,1,1,1,0,0,-1,-1,0,-1
89147,41,118,90,B,4.5,578,0,1,1,3,1,0,1,1,1,0,0,0,0,0,1,2,1,1,1,1,0,0,0,1,1,2,1,1,1,-1,1,1,1,1,2,-1,1
89119,132,0,322,B,3.5,28,1,1,0,3,1,0,1,1,0,0,0,0,0,0,1,2,1,1,0,3,0,0,0,0,1,1,0,1,1,1,-1,0,0,-1,-1,-1,-1
89119,5,10,10,A,2.5,13,2,1,0,3,1,0,1,1,1,0,0,0,0,1,1,1,1,1,1,1,0,0,0,0,1,2,0,1,1,1,1,1,-1,-1,-1,-1,-1
89119,82,0,190,B,4,156,2,1,1,3,1,0,1,1,0,0,0,0,0,1,1,3,1,1,1,1,0,0,0,0,1,1,0,1,1,1,-1,0,-1,-1,3,-1,1
89103,54,14,109,A,4,487,1,1,1,3,1,0,1,1,1,0,0,0,0,0,1,2,1,0,1,1,0,0,0,1,1,2,1,1,1,-1,1,0,0,0,2,-1,1
89102,38,83,84,D,4,1617,1,1,1,3,0,0,1,1,0,0,0,0,0,0,1,2,1,1,1,1,0,0,0,0,1,2,0,1,1,-1,1,0,0,0,2,-1,1
89102,38,83,84,D,4,726,1,1,1,3,0,0,1,1,0,0,0,0,0,0,1,2,1,1,1,1,0,0,0,0,1,2,0,1,1,1,-1,0,0,0,2,-1,1
89119,35,35,79,B,4,194,0,1,1,3,1,0,1,1,1,0,0,0,0,0,1,2,1,0,1,1,0,0,0,1,1,1,0,0,1,1,-1,0,0,0,2,-1,0
89110,28,33,53,A,3.5,3,2,1,0,3,1,0,1,1,0,0,0,0,0,1,0,0,1,1,1,1,0,1,0,0,1,1,1,0,1,1,-1,1,-1,-1,-1,-1,-1
89123,17,0,42,A,4.5,138,1,1,1,3,1,0,1,1,0,0,0,0,0,0,1,2,1,1,1,1,0,0,0,0,1,1,0,1,1,-1,1,0,0,1,-1,-1,-1
89103,46,60,103,B,4,688,2,1,1,3,1,0,1,1,1,0,0,0,0,0,1,4,1,1,1,1,0,0,0,0,1,2,1,1,1,-1,1,1,0,1,4,-1,1
89147,5,4,13,C,3.5,29,0,1,0,3,1,0,1,1,1,0,0,0,0,1,1,0,1,1,1,1,0,0,0,1,1,1,0,0,1,1,1,1,-1,-1,-1,-1,-1
89183,18,24,43,A,3.5,66,0,1,0,3,1,0,1,1,1,0,0,0,0,1,1,1,1,0,1,0,0,1,0,0,1,1,0,0,1,-1,1,0,-1,-1,-1,-1,-1
89156,41,80,106,A,3.5,63,0,1,0,3,1,0,1,1,1,0,0,0,0,0,1,3,1,1,0,1,0,0,0,1,1,2,1,0,1,-1,1,1,0,-1,3,-1,-1
89109,34,33,71,A,2,60,0,0,0,3,1,0,1,1,0,0,0,0,0,1,1,1,1,0,1,1,0,0,0,0,1,1,0,0,1,1,-1,0,0,-1,1,-1,-1
89147,53,36,96,A,4.5,542,1,1,1,3,1,0,1,1,0,0,0,0,0,0,1,2,1,1,1,1,0,0,0,0,1,2,1,1,1,-1,1,0,0,0,2,-1,-1
89147,70,156,185,A,4,381,2,1,1,3,1,0,1,1,1,0,0,0,0,0,1,2,1,0,1,1,0,0,0,0,1,2,1,1,1,-1,1,0,0,0,2,-1,-1
89102,50,96,101,A,4,99,0,2,1,3,1,0,1,1,1,0,0,0,0,0,1,1,1,0,1,1,0,0,0,0,1,1,0,1,1,1,-1,0,0,0,2,-1,-1
89117,31,96,84,A,4,96,2,1,1,3,1,0,1,1,0,0,0,0,0,0,0,3,1,1,1,1,0,0,0,0,1,2,0,1,1,1,1,1,0,-1,3,1,-1
89121,77,51,197,A,4,45,1,0,0,3,1,0,1,0,1,0,0,0,0,0,1,0,1,1,0,1,0,0,0,0,1,1,0,1,1,1,-1,0,1,-1,-1,-1,-1
89124,77,165,170,A,3.5,315,2,1,1,3,1,0,1,1,1,0,0,1,0,0,1,4,1,1,0,1,0,1,0,0,1,2,1,1,1,0,1,1,0,0,4,0,1
89121,33,81,70,A,3.5,118,0,1,1,3,1,0,1,1,1,0,0,0,0,0,1,1,1,1,1,1,0,0,0,1,1,1,0,0,1,-1,0,1,0,-1,1,-1,0
89148,80,94,204,B,4,495,1,1,1,3,1,0,1,1,1,0,0,0,0,0,1,2,1,1,1,1,0,0,0,1,1,2,1,1,1,-1,0,0,0,0,2,-1,1
89183,7,32,17,A,4,58,0,1,0,3,1,0,1,1,1,0,0,0,0,1,1,1,1,1,1,1,0,0,0,1,1,1,0,0,1,-1,1,0,-1,-1,-1,-1,-1
89102,85,70,194,A,4.5,34,0,0,0,3,0,0,1,1,1,0,0,0,0,0,1,2,1,1,0,1,0,0,0,0,1,1,0,1,1,-1,1,0,0,0,2,-1,1
89102,11,15,33,A,4,33,2,1,0,3,0,0,1,1,1,0,0,0,0,1,0,0,1,1,1,2,0,1,0,0,1,1,0,0,1,1,1,-1,0,0,-1,1,-1
89141,1,8,8,A,3,9,2,0,0,3,1,0,1,0,1,0,0,0,0,1,1,1,1,1,1,1,0,0,0,0,1,2,1,1,1,1,-1,0,-1,-1,-1,-1,-1
89118,4,18,15,A,4,21,0,1,0,3,1,0,1,1,1,0,0,0,0,1,1,2,1,1,1,1,0,0,0,0,1,1,1,0,1,-1,1,1,-1,-1,-1,-1,-1
89134,117,6,255,A,3,142,0,1,0,3,0,0,1,1,1,0,0,0,0,0,1,2,1,0,0,1,0,0,0,1,0,1,0,1,1,-1,1,0,0,-1,2,-1,-1
89030,91,216,226,B,3.5,56,0,1,0,3,1,0,1,0,0,0,0,0,0,0,1,2,0,0,0,1,0,0,0,0,1,1,0,0,1,-1,1,0,0,-1,2,-1,0
89141,34,0,80,A,3,109,0,1,1,3,1,0,1,1,0,0,0,0,0,0,1,4,1,0,1,1,0,0,0,0,1,1,0,0,1,-1,1,0,0,-1,4,-1,0
89147,13,40,32,A,4.5,26,0,1,0,3,1,0,1,1,1,0,0,0,0,1,1,0,1,1,1,1,0,0,0,0,1,1,0,0,1,1,1,-1,-1,-1,-1,-1,-1
89183,93,0,223,A,3.5,141,0,2,1,3,1,0,1,1,0,0,0,0,0,0,1,2,1,1,0,1,0,0,0,1,0,1,0,0,1,1,-1,0,0,0,2,-1,0
89121,76,0,153,B,3.5,8,0,0,0,3,1,0,1,0,0,0,0,0,1,0,1,1,1,1,0,1,0,0,0,0,1,1,0,0,1,1,1,0,-1,-1,-1,-1,-1
89134,48,122,93,A,3.5,134,0,1,1,3,1,0,1,1,1,0,0,0,0,0,1,2,1,1,1,1,0,1,0,0,1,1,0,0,1,-1,1,0,1,-1,2,-1,0
89108,17,66,35,A,3,27,2,1,0,0,0,0,1,3,0,0,0,0,0,0,1,0,1,1,0,1,0,0,0,0,1,2,0,0,1,1,1,0,0,-1,-1,1,-1
89108,17,66,35,A,3,7,2,0,0,3,1,0,1,3,1,1,0,0,0,0,0,0,1,1,1,1,0,0,0,0,1,2,1,0,1,1,1,1,-1,-1,-1,-1,-1
89103,11,40,28,A,3,4,0,0,0,3,1,0,1,1,1,0,0,0,0,0,1,0,0,1,1,1,0,0,0,0,1,1,0,0,1,1,1,-1,-1,-1,-1,-1,-1
89118,50,85,82,B,3,98,0,1,1,3,0,0,1,1,1,0,0,0,0,0,1,2,1,1,1,1,0,0,0,0,1,1,0,0,1,-1,1,1,0,-1,-1,-1,-1
89148,63,53,163,B,4.5,384,1,1,1,3,1,0,1,1,1,0,0,0,0,0,1,2,1,0,1,0,0,0,0,1,1,2,1,1,1,-1,1,1,0,0,2,-1,1
89123,7,12,14,A,4,4,0,0,0,3,1,0,1,0,1,0,0,0,0,1,1,0,1,0,1,1,0,0,0,1,1,1,0,0,1,1,1,-1,-1,-1,-1,-1,-1
89123,4,7,7,A,3.5,4,0,1,0,3,1,0,1,0,0,0,0,0,0,1,1,2,1,0,1,1,0,0,0,0,1,1,0,0,1,1,1,0,-1,-1,-1,-1,-1
89117,7,30,19,A,3.5,41,0,1,0,3,1,0,1,1,1,0,0,0,0,1,1,2,1,1,1,0,0,0,0,1,1,1,0,1,1,-1,1,0,-1,-1,-1,-1,-1
89102,79,102,173,A,2,48,0,1,0,3,1,0,1,1,0,0,0,0,1,0,1,2,1,1,0,1,0,0,0,0,1,1,0,0,1,-1,1,0,0,0,-1,-1,0
89102,51,102,109,A,4,553,2,1,1,3,1,0,1,1,1,0,0,0,0,0,0,2,1,1,1,1,0,0,0,1,1,2,0,0,1,-1,1,1,0,-1,2,-1,-1
89115,129,54,279,B,4,25,0,1,0,3,0,0,1,1,0,0,0,0,0,0,1,2,1,1,0,0,0,1,0,0,1,1,0,0,1,-1,1,0,0,-1,2,-1,-1
89146,54,36,101,A,4.5,3,0,1,0,3,1,0,1,1,0,0,0,0,0,0,1,0,1,0,0,1,0,0,0,0,1,1,0,0,1,1,1,0,-1,-1,-1,-1,-1
89106,37,0,113,B,2,8,0,0,0,3,1,0,1,0,1,0,0,0,0,0,1,0,1,1,0,1,0,0,0,0,1,1,0,0,1,1,1,0,-1,-1,-1,-1,-1
89108,9,24,20,A,3.5,57,0,1,0,3,1,0,1,0,1,0,0,0,0,1,1,1,1,1,1,1,0,0,0,0,1,1,0,0,1,1,1,0,0,-1,-1,-1,-1
89103,35,78,80,B,3,136,2,1,1,3,1,0,1,1,0,0,0,0,0,0,1,3,1,1,1,1,0,0,0,0,1,2,0,1,1,-1,1,1,0,0,5,-1,1
89103,3,16,14,A,4,16,0,0,0,3,1,0,1,1,1,0,0,0,0,1,1,1,1,0,1,1,0,0,0,1,1,1,0,0,1,1,1,0,-1,-1,-1,-1,-1
89147,36,69,76,A,3.5,143,0,1,1,3,1,0,1,0,0,0,0,0,0,0,1,3,1,0,1,1,0,1,0,0,1,1,0,0,1,-1,1,0,0,-1,3,-1,0
89147,36,69,76,A,2.5,64,0,0,0,3,1,0,1,0,0,0,0,0,0,0,1,5,1,0,1,1,0,0,0,0,1,1,0,0,1,1,-1,0,0,-1,5,-1,-1
89149,96,12,194,B,3.5,75,0,1,0,3,1,0,1,0,0,0,0,0,0,0,1,6,1,0,0,1,0,1,0,0,1,2,0,1,1,1,-1,0,0,-1,4,-1,-1
89123,48,88,117,A,3.5,146,0,1,1,3,1,0,1,1,1,0,0,0,0,0,1,2,1,0,1,1,0,0,0,1,1,1,0,1,1,1,-1,0,0,-1,2,-1,-1
89108,19,4,50,A,4.5,6,0,0,0,3,1,0,1,0,0,0,0,0,0,1,1,0,1,1,1,1,0,0,0,0,1,2,0,0,1,1,1,0,0,0,-1,-1,-1
89108,33,40,55,A,3.5,254,0,1,0,3,1,0,1,1,0,0,0,0,0,0,1,2,1,0,1,1,0,0,0,0,1,2,0,0,1,-1,1,0,0,0,2,-1,0
89147,21,80,35,C,4,99,0,1,1,3,1,0,1,1,1,0,0,0,0,0,1,2,1,1,1,1,0,0,0,0,1,1,0,0,1,-1,1,0,1,-1,2,-1,0
89123,38,75,93,A,3.5,111,0,1,1,3,1,0,1,1,1,0,0,0,0,0,1,2,1,1,1,1,0,0,0,1,1,1,0,0,1,-1,1,0,0,-1,2,-1,-1
89129,54,39,105,A,2,14,0,1,0,3,1,0,1,0,0,0,0,0,1,0,1,1,1,0,0,1,0,0,0,0,1,1,0,0,1,1,1,0,-1,-1,-1,-1,-1
89108,77,122,185,A,3.5,113,0,1,0,3,1,0,1,1,1,0,0,0,0,0,1,2,1,1,0,1,0,1,0,1,1,1,0,0,1,-1,1,0,0,1,2,-1,-1
89147,28,51,68,A,4,108,0,1,1,3,1,0,1,1,1,0,0,0,0,0,1,2,1,1,1,1,0,0,0,1,1,2,1,1,1,-1,1,0,1,1,2,-1,-1
89117,59,105,92,A,3.5,121,2,1,1,3,1,0,1,0,0,0,0,0,0,0,1,2,1,1,1,1,0,0,0,0,1,1,0,1,1,1,1,1,0,0,-1,-1,-1
89103,53,63,130,B,2.5,3,0,1,0,3,1,0,1,0,1,0,0,0,0,0,1,1,1,1,0,0,0,0,0,1,1,1,0,0,1,1,1,0,-1,-1,-1,-1,-1
89101,13,21,16,A,3.5,3,0,0,0,3,1,0,1,0,1,0,0,0,0,1,1,0,1,1,1,1,0,0,0,0,1,2,0,0,1,1,1,-1,-1,-1,-1,-1,-1
89101,13,21,16,A,4,12,0,1,0,3,1,0,1,0,0,0,0,0,0,1,1,0,1,1,1,1,0,0,0,1,0,1,0,0,1,1,-1,0,-1,-1,-1,-1,-1
89119,26,78,69,A,3.5,12,0,1,0,3,1,0,1,1,1,0,0,0,0,0,1,0,1,1,1,1,0,1,0,0,1,1,0,0,1,1,1,0,-1,-1,-1,-1,-1
89146,54,101,151,B,3.5,173,0,1,1,3,1,0,1,1,0,0,0,0,1,0,1,2,1,0,1,1,0,1,0,0,0,1,0,0,1,-1,1,0,0,0,2,-1,0
89107,60,0,146,A,3,9,0,0,0,3,1,0,1,0,1,0,0,0,0,0,1,0,1,0,0,2,0,0,0,1,0,1,0,0,0,-1,1,0,-1,-1,-1,-1,-1
89102,28,12,64,B,4,8,0,0,0,3,1,0,1,0,0,0,0,0,0,0,1,2,1,1,1,1,0,0,0,1,1,1,0,1,1,-1,1,0,-1,-1,-1,-1,-1
89110,27,0,49,A,4,28,2,0,0,3,1,0,1,0,1,0,0,0,0,1,1,0,1,1,0,1,0,0,0,1,1,1,0,0,1,1,1,0,-1,-1,-1,-1,-1
89110,98,148,215,A,4,178,0,1,1,3,1,0,1,1,1,0,0,0,0,0,1,2,1,1,0,0,0,0,0,1,1,2,0,1,1,-1,1,0,1,-1,2,-1,-1
89117,6,24,10,A,3.5,9,0,0,0,3,0,0,1,0,0,0,0,0,0,1,1,1,1,1,1,1,0,0,0,1,1,1,0,0,1,1,1,1,-1,-1,-1,-1,-1
89115,31,0,52,A,2.5,37,0,1,0,3,1,0,1,0,1,0,0,0,0,0,1,0,1,1,1,1,0,0,0,1,0,1,0,1,1,-1,0,0,-1,-1,-1,-1,-1
89108,48,66,121,A,4,39,0,1,0,3,1,0,1,1,1,0,0,0,0,0,1,1,1,0,0,1,0,0,0,0,1,1,0,1,1,-1,1,0,-1,-1,-1,-1,-1
89103,44,36,133,B,3.5,56,0,1,0,3,1,0,1,1,0,0,0,0,0,0,1,1,1,0,0,1,0,0,0,1,1,2,0,1,1,-1,1,0,-1,-1,-1,-1,-1
89103,98,24,236,B,4,45,0,1,0,3,0,0,1,0,1,0,0,0,0,0,1,1,1,1,0,1,0,1,0,0,1,1,0,1,1,1,-1,0,-1,-1,1,-1,-1
89103,57,14,128,A,2.5,41,0,1,0,3,0,0,1,1,0,0,0,0,0,0,1,3,1,0,0,1,0,0,0,0,1,1,0,0,1,-1,1,0,0,0,3,-1,0
89101,50,112,129,A,4.5,43,0,1,0,3,1,1,1,1,1,0,0,0,0,0,1,1,1,1,0,1,0,0,0,1,1,2,0,0,1,1,1,0,-1,-1,-1,-1,-1
89119,35,48,70,A,3.5,9,0,0,0,3,1,0,1,0,0,0,0,0,1,0,1,0,1,0,1,3,0,0,0,0,1,4,0,0,1,1,-1,0,-1,-1,-1,-1,-1
89146,76,113,193,A,3.5,350,1,1,1,3,1,0,1,1,1,0,0,0,0,0,1,2,1,1,1,1,0,1,0,1,1,2,0,0,1,-1,1,0,0,0,2,-1,-1
89145,37,98,73,A,4,505,2,1,1,3,1,0,1,0,0,0,0,0,0,0,1,2,1,1,1,1,0,1,0,0,1,2,1,1,1,-1,1,0,0,0,2,-1,1
89146,20,48,32,A,4,101,2,1,0,3,0,0,1,1,0,0,0,0,0,0,0,2,1,1,0,1,0,0,0,1,1,1,0,1,1,1,1,1,0,0,2,1,1
89123,25,56,34,C,4,38,2,1,0,3,1,0,1,1,0,0,0,0,0,0,0,2,1,1,0,1,0,0,0,0,1,1,0,1,1,1,-1,0,1,0,2,0,1
89119,8,20,20,A,3.5,16,0,0,0,3,1,0,1,1,0,0,0,0,0,1,1,0,1,1,1,1,0,0,0,0,1,1,0,0,1,1,1,1,-1,-1,-1,-1,-1
89119,78,99,155,A,4.5,272,0,1,1,3,1,0,1,1,1,0,0,0,0,0,1,2,1,1,1,0,0,0,0,0,1,1,1,0,1,-1,1,0,1,0,2,-1,0
89169,30,72,98,A,2.5,10,1,0,0,3,1,0,1,1,1,0,0,0,0,0,1,2,1,0,0,1,0,0,0,1,1,2,1,1,1,1,-1,0,0,0,1,-1,1
89146,33,80,120,B,3.5,28,0,0,0,3,1,0,1,1,0,0,0,0,0,0,1,1,1,0,0,0,0,0,0,0,1,1,0,1,1,1,1,-1,-1,-1,-1,-1,-1
89117,45,11,100,A,4,169,0,1,1,3,1,0,1,1,1,0,0,0,0,0,1,2,1,1,1,1,0,0,0,1,1,2,0,0,1,-1,1,0,1,0,2,-1,0
89102,8,20,20,A,4,17,0,0,0,3,1,0,1,1,1,0,0,0,0,1,1,0,1,1,1,1,0,0,0,0,1,1,0,1,1,1,1,-1,-1,-1,-1,-1,-1
89110,42,74,98,A,3.5,57,0,1,0,3,1,0,1,1,1,0,0,0,0,0,1,1,1,0,0,1,0,0,0,1,1,2,0,0,1,-1,1,0,0,-1,1,-1,-1
89123,26,28,90,B,4,12,1,1,0,3,1,1,1,1,1,0,0,0,0,0,1,2,1,1,1,1,0,0,0,1,1,2,0,0,1,1,-1,0,-1,-1,-1,-1,-1
89146,88,122,168,A,3.5,832,1,1,1,3,1,0,1,1,0,0,0,0,0,0,1,2,1,1,1,1,0,0,0,0,1,2,0,1,1,-1,1,0,0,0,2,-1,-1
89148,23,27,53,B,3.5,42,0,1,0,3,1,0,1,1,1,0,0,0,0,1,1,0,1,1,1,1,0,1,0,1,1,1,0,0,1,-1,1,0,-1,-1,-1,-1,-1
89178,18,3,31,A,4.5,132,0,1,1,3,1,0,1,1,0,0,0,0,0,1,1,2,1,1,1,1,0,0,0,0,1,1,0,1,1,-1,1,1,0,-1,-1,-1,-1
89102,121,151,244,B,3,24,0,1,0,3,1,0,1,0,1,0,0,0,0,0,1,1,1,1,0,0,0,0,0,0,1,1,0,1,1,1,-1,0,0,-1,-1,-1,1
89104,62,80,150,A,4,38,0,0,0,3,1,0,1,1,0,0,0,0,0,0,1,3,1,1,0,0,0,0,0,0,1,1,0,1,1,-1,1,0,-1,-1,3,-1,-1
89104,29,53,52,A,4,20,0,0,0,3,1,0,0,1,0,0,0,0,0,0,1,0,1,1,1,0,0,0,0,0,1,1,0,0,1,1,1,0,0,-1,-1,-1,-1
89101,38,117,107,A,4,79,0,1,1,3,1,0,1,0,1,0,0,0,0,0,1,3,1,1,1,1,0,0,0,1,1,1,1,1,1,-1,1,1,1,-1,3,-1,1
89118,1,5,5,A,3.5,6,0,0,0,3,1,0,1,1,1,0,0,0,0,1,1,0,1,0,1,1,0,0,0,0,0,1,0,0,1,1,1,0,-1,-1,-1,-1,-1
89139,5,12,12,A,4,189,0,1,1,3,0,0,1,0,1,0,0,0,0,0,1,2,1,0,1,1,0,0,0,0,1,2,1,1,1,-1,1,0,0,-1,2,-1,1
89147,40,102,82,A,4,155,1,1,1,3,1,1,1,1,1,0,0,0,0,0,1,2,1,1,1,1,0,0,0,1,1,2,1,1,1,1,1,1,0,1,2,-1,-1
89128,53,107,126,A,4,242,1,1,1,3,1,0,1,0,0,0,0,0,0,0,1,3,1,1,1,1,0,0,0,0,1,2,0,1,1,-1,1,0,0,-1,3,-1,-1
89123,55,74,108,A,4,678,0,1,1,1,1,0,1,1,1,0,0,0,0,1,1,3,1,1,1,1,0,1,0,0,1,2,0,0,1,1,1,1,0,1,3,-1,-1
89117,78,123,177,A,2.5,188,0,1,1,3,1,0,1,1,1,0,0,0,1,0,1,4,1,1,1,1,0,0,0,0,1,1,0,0,1,-1,1,1,0,0,4,-1,-1
89102,33,3,60,B,3,81,1,1,0,3,1,0,1,1,1,0,0,0,0,1,1,1,1,0,1,1,0,1,0,0,1,1,0,0,1,1,-1,0,0,0,-1,-1,-1
89102,96,0,211,B,3.5,147,1,1,1,3,1,0,1,1,0,0,0,0,0,0,1,1,1,1,0,1,0,0,0,0,1,2,0,1,1,-1,1,0,-1,-1,-1,-1,-1
89147,57,301,148,B,3.5,16,0,0,0,3,1,0,1,1,1,0,0,1,0,0,1,2,1,1,0,0,0,0,0,1,1,1,0,0,1,-1,1,0,-1,-1,-1,-1,-1
89183,17,28,46,A,4,47,1,1,0,3,1,0,1,1,1,0,0,0,0,1,1,2,1,1,1,1,0,0,0,0,1,1,0,0,1,-1,1,0,-1,-1,-1,-1,-1
89139,56,19,117,A,3.5,38,0,0,0,3,1,0,1,1,0,0,0,0,0,0,1,1,1,0,0,1,0,0,0,0,1,1,0,0,1,1,-1,0,0,0,-1,-1,0
89123,1,9,9,A,3,32,2,1,0,3,1,0,1,1,1,0,0,0,0,1,1,0,1,1,1,1,0,1,0,0,1,2,1,0,1,-1,1,1,-1,-1,-1,-1,-1
89169,33,32,61,A,3.5,50,2,1,0,3,0,0,1,2,1,0,0,0,0,0,1,0,1,1,1,1,0,0,0,0,1,1,0,0,1,1,0,-1,0,-1,-1,1,-1
89102,149,30,364,B,4.5,782,0,1,1,3,1,0,1,1,1,0,0,0,0,0,1,2,1,1,1,1,0,0,0,0,1,2,1,1,1,-1,1,1,0,0,2,-1,1
89122,28,47,38,B,4,6,2,0,0,1,0,0,1,0,1,0,0,0,0,1,0,0,1,1,0,1,0,0,0,0,1,1,0,0,1,1,1,0,-1,-1,-1,0,-1
89102,7,6,25,A,4,17,0,0,0,3,1,0,1,0,0,0,0,0,0,1,1,0,1,1,1,1,0,1,0,1,1,1,0,0,1,1,1,1,-1,-1,-1,-1,-1
89102,21,42,46,A,3,13,0,1,0,3,1,0,1,1,1,0,0,0,0,1,1,0,1,0,1,0,0,1,0,0,1,2,0,0,1,1,1,0,-1,-1,-1,-1,-1
89130,30,42,93,B,4,18,1,0,0,3,0,0,1,1,1,0,0,0,0,0,1,1,1,1,1,1,0,0,0,0,1,2,0,1,1,-1,1,0,-1,-1,-1,-1,-1
89169,50,54,98,B,3.5,16,2,0,0,3,1,0,1,1,0,0,0,0,0,0,1,0,1,0,0,0,0,0,0,1,1,1,0,1,1,-1,1,1,-1,-1,-1,-1,-1
89103,91,0,222,B,3.5,29,1,1,0,3,1,0,1,0,1,0,0,0,0,0,1,1,1,1,0,0,0,0,0,0,1,2,1,1,1,1,-1,1,-1,-1,-1,-1,-1
89129,38,21,75,A,3,54,0,0,0,3,1,0,1,1,1,0,0,0,0,1,1,2,1,1,1,0,0,0,0,1,1,2,0,0,1,1,-1,0,-1,-1,-1,-1,-1
89117,36,27,84,A,3.5,246,2,1,1,3,1,0,1,1,1,0,0,0,0,0,1,1,1,1,1,1,0,1,0,0,1,2,1,1,1,-1,1,0,0,-1,1,-1,1
89117,34,81,70,B,4.5,190,0,1,1,3,1,0,1,1,1,0,0,0,0,0,1,2,1,0,1,1,0,0,0,1,1,1,0,1,1,1,1,-1,0,1,-1,-1,-1
89104,64,64,176,B,4,87,0,1,0,3,0,0,1,1,1,0,0,0,0,0,1,2,1,0,0,1,0,0,0,1,1,2,0,1,1,-1,0,0,-1,-1,-1,-1,-1
89131,10,21,22,A,3.5,5,0,1,0,3,1,0,1,1,1,0,0,0,0,1,1,2,1,0,1,0,0,0,0,0,1,2,0,0,1,-1,1,0,-1,-1,-1,-1,-1
89130,31,54,66,A,3,38,1,1,0,3,1,0,1,1,1,0,0,0,0,0,1,2,1,0,1,0,0,0,0,1,1,2,1,1,1,1,-1,0,0,-1,3,-1,1
89117,40,108,98,A,4,174,0,1,1,3,1,0,1,1,1,0,0,0,0,0,1,1,1,0,1,0,0,1,0,0,1,2,0,1,1,-1,1,0,-1,-1,-1,-1,-1
89117,28,88,61,A,3.5,24,0,1,0,3,0,0,1,1,1,0,0,0,0,0,1,0,1,1,1,0,0,1,0,0,0,1,0,0,1,-1,1,0,-1,-1,-1,-1,-1
89146,112,24,269,B,4,210,0,1,1,3,1,0,1,1,0,0,0,0,0,0,1,2,1,0,0,0,0,0,0,0,1,1,0,1,1,-1,1,0,0,-1,2,-1,1
89142,42,27,100,B,4,79,0,1,1,3,1,0,1,1,1,0,0,0,0,0,1,2,1,1,1,1,0,1,0,0,1,1,0,0,1,1,-1,0,0,0,2,-1,-1
89123,57,108,142,B,4,106,0,1,1,3,1,0,1,1,1,0,0,0,0,0,1,2,1,1,0,1,0,0,0,1,1,2,0,1,1,1,0,0,-1,-1,-1,-1,-1
89104,34,112,100,A,3,68,2,1,1,3,1,0,1,1,1,0,0,0,0,0,1,2,1,0,0,1,0,0,0,0,1,2,1,1,1,-1,1,0,0,0,2,-1,1
89139,38,33,75,B,2.5,82,0,0,0,3,1,0,1,0,1,0,0,0,0,0,1,3,1,0,1,1,0,0,0,1,1,1,0,0,1,1,-1,0,-1,-1,3,-1,0
89102,121,136,283,B,3,724,0,1,1,3,0,0,1,1,0,0,0,0,1,0,1,2,1,0,1,1,0,1,0,0,1,1,0,1,1,-1,1,1,0,0,-1,-1,-1
89130,62,12,92,B,2.5,59,0,0,0,3,1,0,1,1,0,0,0,0,1,0,1,2,1,0,1,1,0,1,0,0,1,2,0,0,1,1,-1,0,0,-1,2,-1,-1
89130,62,12,92,B,2.5,18,0,0,0,3,1,0,1,0,1,0,0,0,1,0,1,1,1,0,0,1,1,0,0,0,1,1,0,0,1,1,-1,0,-1,-1,1,-1,-1
89146,47,78,95,B,4,905,0,1,1,3,0,0,1,1,0,0,0,1,0,0,1,2,0,0,1,1,0,0,0,0,1,1,0,1,1,1,-1,0,0,0,2,-1,1
89131,48,48,88,A,4,222,0,1,1,3,1,0,1,1,1,0,0,0,0,0,1,4,1,1,1,0,0,1,0,0,0,2,0,1,1,1,-1,1,1,0,4,-1,1
89119,103,510,297,C,1.5,15,0,0,0,3,1,0,1,1,1,0,0,1,0,0,1,1,1,0,0,0,0,0,0,0,1,1,0,1,0,-1,1,0,-1,-1,-1,-1,-1
89101,99,95,289,B,2,16,1,1,0,3,0,0,1,1,1,0,0,0,0,0,1,2,1,1,0,0,0,0,0,0,1,1,0,1,1,-1,1,0,-1,-1,-1,-1,-1
89147,94,78,225,B,2,333,0,1,1,3,1,0,1,1,1,0,0,0,0,0,0,2,1,0,1,1,0,1,0,1,0,2,0,0,1,-1,0,0,-1,-1,2,-1,-1
89110,107,75,255,B,3.5,28,0,1,0,3,1,0,1,0,1,0,0,0,0,0,1,1,1,0,0,1,0,0,0,0,1,1,0,0,1,-1,1,0,0,-1,1,-1,0
89131,4,20,17,A,3,4,0,1,0,3,1,0,1,1,1,0,0,0,0,1,1,0,0,1,1,1,0,1,0,0,0,1,0,0,1,1,1,0,-1,-1,-1,-1,-1
89113,32,8,86,A,2.5,75,0,1,0,3,1,0,1,1,0,0,0,0,1,0,1,4,1,0,1,1,0,0,0,0,1,1,0,0,1,-1,1,1,-1,-1,2,-1,0
89113,32,8,86,A,2.5,17,0,1,0,3,1,0,1,1,0,0,0,0,1,0,1,5,1,0,1,3,0,1,0,0,1,1,0,0,1,1,-1,1,-1,-1,5,-1,-1
89108,90,150,188,A,3,193,2,1,1,3,1,0,1,1,1,0,0,0,0,0,1,3,1,0,1,1,0,0,0,0,1,2,1,1,1,-1,0,1,0,0,3,-1,1
89120,42,68,94,A,4.5,1045,0,1,1,3,1,0,1,1,0,0,0,1,0,0,1,3,1,0,1,1,0,1,0,0,1,1,0,0,1,-1,1,1,1,0,3,-1,-1
89121,78,108,138,A,4,51,0,0,0,3,0,0,1,0,1,0,0,0,0,0,1,0,1,0,0,0,0,0,0,1,1,1,0,1,1,1,-1,0,-1,-1,-1,-1,-1
89141,67,73,155,B,4,434,2,1,1,3,1,0,1,1,1,0,0,0,0,0,1,1,1,1,1,1,0,1,0,1,1,2,1,1,1,-1,1,1,0,1,1,-1,-1
89119,85,162,215,A,3,67,0,1,0,3,1,0,1,1,1,0,0,0,0,0,1,4,1,0,0,1,0,0,0,0,1,1,0,0,1,1,-1,0,0,0,4,-1,-1
89119,85,162,215,A,3.5,111,0,0,0,3,1,0,1,0,0,0,0,0,0,0,1,3,1,0,0,1,0,0,0,0,1,1,0,0,1,-1,1,0,0,-1,3,-1,0
89120,119,129,322,B,3.5,241,1,1,1,3,1,0,1,1,1,0,0,0,0,0,1,2,0,0,0,1,0,0,0,1,1,2,0,1,1,-1,1,0,0,-1,2,-1,1
89113,47,96,97,A,4.5,1264,0,1,1,3,1,0,1,1,1,0,0,0,0,0,1,2,1,0,1,1,0,0,0,0,1,2,0,1,1,-1,1,0,0,1,2,-1,1
89108,138,78,268,A,4,191,0,1,1,3,0,0,1,1,1,0,0,0,0,0,1,2,1,0,0,0,0,0,0,1,1,1,0,1,1,-1,1,0,0,-1,2,-1,1
89146,2,3,3,A,1.5,27,0,0,0,3,1,0,1,0,0,0,0,0,1,1,1,0,1,1,1,3,0,0,0,0,1,1,0,0,1,1,-1,0,1,-1,-1,-1,-1
89145,64,0,126,A,3.5,29,0,0,0,3,1,0,1,0,1,0,0,0,0,0,1,0,1,0,0,1,0,0,0,1,1,1,0,0,1,1,-1,0,-1,-1,-1,-1,-1
89115,56,113,122,A,3,8,2,1,0,3,0,0,1,0,1,0,0,0,0,1,1,1,1,1,0,1,0,0,0,0,1,1,0,0,1,1,-1,0,-1,-1,-1,-1,-1
89123,76,52,199,B,4,3250,2,1,1,3,0,0,1,1,0,0,0,0,0,0,1,2,1,1,1,1,0,1,0,0,1,2,0,1,1,-1,1,1,0,0,2,-1,-1
89130,65,138,147,A,2.5,33,0,0,0,3,1,0,1,0,0,0,0,0,0,0,1,2,1,0,0,2,0,0,0,0,1,1,0,0,1,1,1,0,0,-1,2,-1,0
89108,63,108,133,A,3,186,0,1,1,3,1,0,1,1,0,0,0,0,0,0,1,2,1,0,1,1,0,0,0,0,1,2,0,1,1,-1,1,0,0,1,2,-1,1
89119,43,41,100,A,3.5,127,0,1,1,3,0,0,1,1,1,0,0,0,0,0,1,1,1,0,1,1,0,0,0,1,1,1,0,0,1,-1,1,1,0,1,1,-1,0
89139,17,39,21,A,4.5,107,0,1,0,3,1,0,1,1,1,0,0,0,0,1,1,2,1,0,1,1,0,1,0,1,1,1,0,1,1,1,1,0,0,0,-1,-1,-1
89169,96,176,228,A,3,61,0,1,0,3,1,0,1,1,1,0,0,0,0,0,1,4,1,0,0,1,0,0,0,0,1,1,0,0,1,-1,1,0,0,-1,4,-1,-1
89169,96,176,228,A,3,75,0,1,0,3,0,0,1,2,0,0,0,0,0,0,1,3,1,0,0,1,0,0,0,0,1,1,0,0,1,1,1,0,0,-1,3,-1,0
89169,96,176,228,A,3.5,4,1,1,0,3,0,0,1,0,0,0,0,0,0,0,1,1,1,0,0,1,0,0,0,0,0,1,0,0,1,1,1,0,-1,-1,-1,-1,-1
89103,83,81,185,B,4,252,1,1,1,3,1,0,1,1,1,0,0,0,0,0,1,2,1,0,1,1,0,1,0,0,1,2,1,1,1,-1,1,0,0,0,2,-1,1
89146,78,120,198,B,3.5,31,0,1,0,3,1,0,1,1,1,0,0,0,0,0,1,1,1,0,0,2,0,0,0,0,1,1,0,0,1,1,1,-1,0,-1,-1,-1,-1
89113,18,24,35,A,4,291,0,1,1,3,1,0,1,0,0,0,0,0,0,0,1,2,1,1,1,1,0,1,0,0,1,2,0,1,1,-1,1,0,0,1,2,-1,1
89113,18,24,35,A,4,122,0,1,1,3,1,0,1,1,1,0,0,0,0,1,1,1,1,0,1,0,0,1,0,0,1,1,0,0,1,-1,1,0,0,1,2,-1,1
89134,14,50,44,A,3,52,1,1,0,3,1,0,1,1,1,0,0,0,0,1,1,1,1,1,1,1,0,1,0,0,1,1,0,0,1,-1,1,0,-1,-1,-1,-1,-1
89146,37,48,74,B,3.5,5,2,0,0,3,1,0,1,0,1,0,0,0,0,0,1,0,1,1,0,1,0,0,0,0,1,1,0,0,1,1,-1,1,-1,-1,-1,-1,-1
89119,15,21,23,A,3.5,72,0,1,0,3,1,0,1,1,1,0,0,0,0,1,1,1,1,0,1,1,0,1,0,0,1,1,0,0,1,-1,1,0,-1,-1,1,-1,-1
89110,43,126,89,A,4,37,2,1,0,3,1,0,1,0,1,0,0,0,0,0,1,3,1,1,0,0,0,0,0,0,1,2,0,0,1,1,-1,0,0,-1,3,-1,-1
89149,46,59,117,A,4,121,0,1,1,3,1,0,1,1,1,0,0,0,0,0,1,2,1,1,1,1,0,1,0,0,1,1,0,0,1,-1,1,1,0,-1,2,-1,0
89101,44,3,125,B,3,193,1,1,1,3,0,0,1,1,0,0,0,0,0,0,1,4,1,0,1,1,0,0,0,0,1,1,0,1,1,-1,1,0,0,0,4,-1,1
89147,41,52,111,A,3.5,202,0,1,1,3,1,0,1,1,1,0,0,0,0,0,1,2,1,1,1,1,0,1,0,0,1,2,0,0,1,-1,1,1,1,0,2,-1,-1
89106,47,60,134,B,3,5,0,0,0,3,1,0,1,0,1,0,0,0,0,0,1,1,1,0,0,2,0,0,0,0,1,1,0,0,1,1,1,-1,-1,-1,-1,-1,-1
89101,50,87,115,B,3,974,2,1,1,3,0,0,0,0,0,0,0,0,0,0,0,2,1,1,1,1,0,1,0,0,1,2,0,1,0,-1,1,0,0,0,2,-1,-1
89117,61,0,141,B,4,124,0,1,1,3,1,0,1,1,1,0,0,0,0,0,1,2,1,1,1,1,0,1,0,1,1,2,0,1,1,1,-1,1,0,0,2,-1,-1
